arquivo,sha256,caminho_no_zip
visual_features_v4_plot_area_v6.py,70caee1ffe6e578671f07d7224d3a47304146cc3baa4a6d9bfc8cd5e40ed5178,07_area_plotagem/visual_features_v4_plot_area_v6.py
ticklabel_presence_calibration_v4.py,d15c325290c7596632f9f4c62d907e7a78d0a794862b690c4c4691ed87ea86b2,04_presenca_ticklabels/ticklabel_presence_calibration_v4.py
axis_conformity_calibration_v3.py,1582555adf23d8ed2a6b23e89eaefdcd317d0e11a2f7d361fbd69c6258866bfe,08_eixos/axis_conformity_calibration_v3.py
mark_presence_validation_v3.py,8f33f4daa7e8f1cc8feba58e5ea5f80bc75639334f9e64cf6339408152bc78a2,09_presenca_marca/mark_presence_validation_v3.py
chart_type_multiclass_validation_v1.py,a012d8d4b726fa694121ccc83bb98327b37686e85aba968eceea3337955d6368,02_tecnica_grafica/04_desenvolvimento_holdout/chart_type_multiclass_validation_v1.py
chart_type_exclusive_holdout_v2.py,bf7d6b4dd7d7559a82379fe5a9d699937de8913de070dd4b6969a9ad5ba02686,02_tecnica_grafica/04_desenvolvimento_holdout/chart_type_exclusive_holdout_v2.py
audit_absent_chart_types_v1.py,4696e60653ff74bd66d0b9563d69d331645f3c53996b666dd1612af95422503d,02_tecnica_grafica/02_validacao_auditoria/audit_absent_chart_types_v1.py
color_conformity_v4.py,7d6b900452cc4a5399c678aaadac6f0304132d1781e63f67ed52f73d8c5081bb,10_cor/01_modulos_finais_e_orquestracao/color_conformity_v4.py
validate_color_bars_core_v5.py,b429bdfa93d76c519960a4b9a136465bf2d23fbc674421858c8d126becee6f41,10_cor/01_modulos_finais_e_orquestracao/validate_color_bars_core_v5.py
validate_color_lines_v3.py,93063f2187ad04bd68b657057e6e69810745cb195c04da72b13daa9803412a47,10_cor/99_historico_ou_nao_confirmado/validate_color_lines_v3.py
validate_color_scatter_v7_markercore_final.py,e46a837aea4d7f8b5ddf8f1ff40348b25573d14e6a06bd4b07735e054582d609,10_cor/01_modulos_finais_e_orquestracao/validate_color_scatter_v7_markercore_final.py
validate_color_scatter_holdout_v8.py,ddb710a270e9a6f98db548cc648d2f53dd8fab434730f9d3e938f5fd27fb2f01,10_cor/01_modulos_finais_e_orquestracao/validate_color_scatter_holdout_v8.py
ticklabel_content_extraction_holdout_ba_v7_frozen.py,ebadeafb4c6a956bb0ca5741eb6de5a15dc0487336a9780620ad0768b907913e,03_conteudo_ticks/01_numerico_temporal/ticklabel_content_extraction_holdout_ba_v7_frozen.py
ticklabel_content_extraction_production_ba_v7_frozen.py,2c4d986cd6b746c7b432027e26e1084abffa4b3551b87e23ac2727eb27a6353c,03_conteudo_ticks/01_numerico_temporal/ticklabel_content_extraction_production_ba_v7_frozen.py
mark_presence_images_v5.csv,b57d05d4182324b0676fc1511a787893ad6398eea9662e3d486c91905a7c7a81,11_saidas_intermediarias/mark_presence_images_v5.csv
