arquivo,caminho_no_zip,tamanho_bytes,sha256,descricao_inicial,status
separar_prompts_imagens3120.py,01_preparacao_especificacao/separar_prompts_imagens3120.py,10696,07e4112fc45c680ccd551e359a56ee5e32ef4ae8427a868a001624893bb43662,,incluido
mark_presence_validation_v3.py,02_tecnica_grafica/00_dependencias/mark_presence_validation_v3.py,35475,8f33f4daa7e8f1cc8feba58e5ea5f80bc75639334f9e64cf6339408152bc78a2,mark_presence_validation_v3.py,incluido
chart_type_exclusive_production_v2_frozen.py,02_tecnica_grafica/01_final/chart_type_exclusive_production_v2_frozen.py,13356,4b7e716cb72dadb8dc92aa1faca06b77847ba1dfd22487fd458a142826cd3df7,CLASSIFICAÇÃO EXCLUSIVA DE TÉCNICA — PRODUÇÃO 3.120 — V2 FROZEN,incluido
analisar_holdout_tecnica_60.py,02_tecnica_grafica/02_validacao_auditoria/analisar_holdout_tecnica_60.py,3799,c6a51b51cf1f118264e533250927a3d41b8cb90f4e6e2ef125b90739169b6c6f,ANALISAR REVISÃO CEGA DO HOLDOUT DE TÉCNICA — V1,incluido
audit_absent_chart_types_v1.py,02_tecnica_grafica/02_validacao_auditoria/audit_absent_chart_types_v1.py,10699,4696e60653ff74bd66d0b9563d69d331645f3c53996b666dd1612af95422503d,audit_absent_chart_types_v1.py,incluido
revisor_holdout_tecnica_exclusiva_60.py,02_tecnica_grafica/02_validacao_auditoria/revisor_holdout_tecnica_exclusiva_60.py,10935,89fc4327b7805ef99cc7c34e361e3247def05ae59658ad0a184a1ad9aa7452f7,REVISÃO CEGA DO HOLDOUT — CLASSIFICADOR EXCLUSIVO DE TÉCNICA — 60 CASOS,incluido
revisor_tecnica_auto_conforme_120.py,02_tecnica_grafica/02_validacao_auditoria/revisor_tecnica_auto_conforme_120.py,8148,3cf20970aafccf6ca485496bb5162ba1bf2591840c1ad5594156b32cb0b3a32c,AUDITORIA CEGA DE CONTROLE — 120 AUTO-CONFORMES DE TÉCNICA,incluido
revisor_tecnica_producao_55.py,02_tecnica_grafica/02_validacao_auditoria/revisor_tecnica_producao_55.py,11639,182e8890cff4905dd8b59de7334ba2504a9dfb32fc4a975b237b75b2e5071975,REVISÃO CEGA — 55 DISCREPÂNCIAS DE TÉCNICA NA PRODUÇÃO,incluido
exportar_codigo_tecnica_v1.py,02_tecnica_grafica/03_utilitarios/exportar_codigo_tecnica_v1.py,4910,43a9262a1b945f7d2b5ec4fdbe4aa68e0fa2ab84e6eaa947961cc64cfb5f03fe,EXPORTAR CÓDIGO DO CLASSIFICADOR DE TÉCNICA — V1,incluido
inventariar_implementacoes_tecnica_v2.py,02_tecnica_grafica/03_utilitarios/inventariar_implementacoes_tecnica_v2.py,7906,1b01f92a92ee997070e7f87fe1eaa04f5813c6eab287e569b87c8459be42ee69,INVENTÁRIO DE IMPLEMENTAÇÕES DA TÉCNICA GRÁFICA — V2,incluido
inventariar_scripts_tecnica_v1.py,02_tecnica_grafica/03_utilitarios/inventariar_scripts_tecnica_v1.py,4079,5030532dcd803398ca9e68cf177411ca179fb25e21dd4d89c22fa2c46ea723fc,INVENTÁRIO DE SCRIPTS DA TÉCNICA GRÁFICA — V1,incluido
inventariar_tecnica_producao_v3.py,02_tecnica_grafica/03_utilitarios/inventariar_tecnica_producao_v3.py,6639,7ce4382c7ce748d88a513f0e280b034e05db46c30a526cc056b8ded014c69749,INVENTÁRIO DIRECIONADO DA TÉCNICA GRÁFICA — V3,incluido
chart_type_exclusive_holdout_v2.py,02_tecnica_grafica/04_desenvolvimento_holdout/chart_type_exclusive_holdout_v2.py,13179,bf7d6b4dd7d7559a82379fe5a9d699937de8913de070dd4b6969a9ad5ba02686,chart_type_exclusive_holdout_v2.py,incluido
chart_type_multiclass_validation_v1.py,02_tecnica_grafica/04_desenvolvimento_holdout/chart_type_multiclass_validation_v1.py,8466,a012d8d4b726fa694121ccc83bb98327b37686e85aba968eceea3337955d6368,chart_type_multiclass_validation_v1.py,incluido
axis_conformity_calibration_v3.py,03_conteudo_ticks/00_dependencias/axis_conformity_calibration_v3.py,29349,1582555adf23d8ed2a6b23e89eaefdcd317d0e11a2f7d361fbd69c6258866bfe,axis_conformity_calibration_v3.py,incluido
ticklabel_presence_calibration_v4.py,03_conteudo_ticks/00_dependencias/ticklabel_presence_calibration_v4.py,44854,d15c325290c7596632f9f4c62d907e7a78d0a794862b690c4c4691ed87ea86b2,ticklabel_presence_calibration_v4.py,incluido
visual_features_v4_plot_area_v6.py,03_conteudo_ticks/00_dependencias/visual_features_v4_plot_area_v6.py,33337,70caee1ffe6e578671f07d7224d3a47304146cc3baa4a6d9bfc8cd5e40ed5178,visual_features_v4_plot_area_v6.py,incluido
auditar_ba_v7_auto_nonconforme_X22.py,03_conteudo_ticks/01_numerico_temporal/auditar_ba_v7_auto_nonconforme_X22.py,11421,386adc2e5c1597633cb0404518ebea72d09c5ffedded46dd124c18ee254bbfcb,,incluido
auditar_ba_v7_auto_nonconforme_Y54.py,03_conteudo_ticks/01_numerico_temporal/auditar_ba_v7_auto_nonconforme_Y54.py,11421,67f2ee4d366f93c4d87c08a114849b053651a74ab277da5f3578bfe080cf5ffa,,incluido
preparar_revisao_ba_v7_producao_88.py,03_conteudo_ticks/01_numerico_temporal/preparar_revisao_ba_v7_producao_88.py,1300,8691e876cc2f7595a1bd468eeee73c6bacb0b6e8c13ce1a827ae4083c4ea3a20,,incluido
revisor_manual_ba_v7_producao_88.py,03_conteudo_ticks/01_numerico_temporal/revisor_manual_ba_v7_producao_88.py,14231,1b2a6f2b1ccb39a7067ae2fa5618600f514393a5077397675ec533c85e739140,REVISOR MANUAL B-A V7 — PRODUÇÃO (88 EIXOS),incluido
separar_7_casos_bb_ticks.py,03_conteudo_ticks/01_numerico_temporal/separar_7_casos_bb_ticks.py,1685,75ed95dbd31bb0c9e2e06fd17f697282fd9648f8371e0b67e4e3fef8862d2b58,,incluido
ticklabel_content_extraction_calibration_ba_v7.py,03_conteudo_ticks/01_numerico_temporal/ticklabel_content_extraction_calibration_ba_v7.py,114803,21423b59ce40eb351693f00b6a197936d936fe53131467f47c1031da864fd688,FASE B-A V7 — EXTRAÇÃO TEXTUAL DOS TICK LABELS,incluido
ticklabel_content_extraction_holdout_ba_v7_frozen.py,03_conteudo_ticks/01_numerico_temporal/ticklabel_content_extraction_holdout_ba_v7_frozen.py,27691,ebadeafb4c6a956bb0ca5741eb6de5a15dc0487336a9780620ad0768b907913e,HOLDOUT INDEPENDENTE B-A — V7 CONGELADA,incluido
ticklabel_content_extraction_production_ba_v7_frozen.py,03_conteudo_ticks/01_numerico_temporal/ticklabel_content_extraction_production_ba_v7_frozen.py,15551,2c4d986cd6b746c7b432027e26e1084abffa4b3551b87e23ac2727eb27a6353c,B-A V7 — PRODUÇÃO CONGELADA NAS 3.120 IMAGENS,incluido
preparar_revisao_ba_cat_producao_280.py,03_conteudo_ticks/02_categorico/01_final/preparar_revisao_ba_cat_producao_280.py,1449,4b68d3e2f15a5f9193d2006955a8fea1e936d205351f4db99004e557c37ea07f,,incluido
reparar_ba_cat_v9_producao_resume_v1.py,03_conteudo_ticks/02_categorico/01_final/reparar_ba_cat_v9_producao_resume_v1.py,10229,ae82e6ea1fa259c0732e1e8b3064052ad46ca791df941777c0961a14760939cb,REPARO DA SAÍDA B-A-CAT V9 COM CHECKPOINT,incluido
revisor_manual_ba_cat_producao_280.py,03_conteudo_ticks/02_categorico/01_final/revisor_manual_ba_cat_producao_280.py,15058,2af1f8e629e337fcb7359dadad457f7e19fc199c26e5ec725b63c41de956b90f,REVISOR MANUAL B-A CATEGÓRICO — PRODUÇÃO (280 IMAGENS),incluido
ticklabel_categorical_extraction_calibration_ba_cat_v9.py,03_conteudo_ticks/02_categorico/01_final/ticklabel_categorical_extraction_calibration_ba_cat_v9.py,117194,65d29b4c1aaad4e054922e37b0cb5496084520fd31b1977bc1d003d9fd2fc5e9,B-A-CAT V9 — CALIBRAÇÃO DO EXTRATOR CATEGÓRICO,incluido
ticklabel_categorical_holdout_ba_cat_v9_frozen.py,03_conteudo_ticks/02_categorico/01_final/ticklabel_categorical_holdout_ba_cat_v9_frozen.py,22173,3a97a22597ed4b21dc18443d0a84da59fa1e60c2d855c89591ddf8159d962914,HOLDOUT INDEPENDENTE B-A-CAT — V9 CONGELADA,incluido
ticklabel_categorical_production_ba_cat_v9_frozen_resume.py,03_conteudo_ticks/02_categorico/01_final/ticklabel_categorical_production_ba_cat_v9_frozen_resume.py,13583,0a65668c5ce8d8729024cdbc64dc96fc0a663867ef84d435464f75810b517557,"B-A-CAT V9 — PRODUÇÃO CONGELADA, COM CHECKPOINT/RESUME",incluido
ticklabel_categorical_extraction_calibration_ba_cat_v1.py,03_conteudo_ticks/02_categorico/99_historico/ticklabel_categorical_extraction_calibration_ba_cat_v1.py,41001,139e2e2facd72dbcf6746b819253046be573257ce5dad3749d41df19dc53ab3b,B-A-CAT V1 — CALIBRAÇÃO DO EXTRATOR CATEGÓRICO,historico/nao_confirmado
ticklabel_categorical_extraction_calibration_ba_cat_v1_fixed.py,03_conteudo_ticks/02_categorico/99_historico/ticklabel_categorical_extraction_calibration_ba_cat_v1_fixed.py,45784,b9e82f88d2f6de30004333b191819fd744a73e0c649139152ea9d03a09edf53f,B-A-CAT V1 — CALIBRAÇÃO DO EXTRATOR CATEGÓRICO,historico/nao_confirmado
ticklabel_categorical_extraction_calibration_ba_cat_v2.py,03_conteudo_ticks/02_categorico/99_historico/ticklabel_categorical_extraction_calibration_ba_cat_v2.py,55788,0c4a809dfc5513453250df147576b13abcfbaf3fc18fedd170d18b8eb2b68076,B-A-CAT V2 — CALIBRAÇÃO DO EXTRATOR CATEGÓRICO,historico/nao_confirmado
ticklabel_categorical_extraction_calibration_ba_cat_v3.py,03_conteudo_ticks/02_categorico/99_historico/ticklabel_categorical_extraction_calibration_ba_cat_v3.py,66102,32bc3db93da2ee06332185fd8b0b4310fe3de9c2e2cb2e30072774c7291949c8,B-A-CAT V3 — CALIBRAÇÃO DO EXTRATOR CATEGÓRICO,historico/nao_confirmado
ticklabel_categorical_extraction_calibration_ba_cat_v4.py,03_conteudo_ticks/02_categorico/99_historico/ticklabel_categorical_extraction_calibration_ba_cat_v4.py,79016,2d524ab8315ca61360cea17c4f6240b26d8d6d72dd28e795d4fa5d23e2aad905,B-A-CAT V4 — CALIBRAÇÃO DO EXTRATOR CATEGÓRICO,historico/nao_confirmado
ticklabel_categorical_extraction_calibration_ba_cat_v5.py,03_conteudo_ticks/02_categorico/99_historico/ticklabel_categorical_extraction_calibration_ba_cat_v5.py,93303,7b33c1ef12cc0d089c8d31104a03f0a031c2692962905d7db3a4b7672c08c78a,B-A-CAT V5 — CALIBRAÇÃO DO EXTRATOR CATEGÓRICO,historico/nao_confirmado
ticklabel_categorical_extraction_calibration_ba_cat_v6.py,03_conteudo_ticks/02_categorico/99_historico/ticklabel_categorical_extraction_calibration_ba_cat_v6.py,99789,7eec3dd65e68fe2a8ed6b09a370cd46bb4119b589e7a8061c3207cc2d9cb1e81,B-A-CAT V6 — CALIBRAÇÃO DO EXTRATOR CATEGÓRICO,historico/nao_confirmado
ticklabel_categorical_extraction_calibration_ba_cat_v7.py,03_conteudo_ticks/02_categorico/99_historico/ticklabel_categorical_extraction_calibration_ba_cat_v7.py,110961,48d83885d64e7b9e45381060728f8319e0118de37231f0a83c5e72e219031753,B-A-CAT V7 — CALIBRAÇÃO DO EXTRATOR CATEGÓRICO,historico/nao_confirmado
ticklabel_categorical_extraction_calibration_ba_cat_v8.py,03_conteudo_ticks/02_categorico/99_historico/ticklabel_categorical_extraction_calibration_ba_cat_v8.py,116631,d4a21417df72e65b4a2d7b6cf9cec6871e0a769a76ab86fec230fa1c29f49949,B-A-CAT V8 — CALIBRAÇÃO DO EXTRATOR CATEGÓRICO,historico/nao_confirmado
revisor_manual_ticklabel_presence_36.py,04_presenca_ticklabels/historico/revisor_manual_ticklabel_presence_36.py,12826,f33e8a527718a382cd14afbd25574cdc6c6e3776e914d1b501375bb302f0d6b1,REVISÃO MANUAL — PRESENÇA DOS TICK LABELS — 36 CASOS,incluido
revisor_manual_ticklabel_presence_36_corrigido.py,04_presenca_ticklabels/revisor_manual_ticklabel_presence_36_corrigido.py,12827,819259176701845e016f10fe093d27b9ba6f63964d940a2e74975eb367876593,REVISÃO MANUAL — PRESENÇA DOS TICK LABELS — 36 CASOS,incluido
ticklabel_presence_calibration_v4.py,04_presenca_ticklabels/ticklabel_presence_calibration_v4.py,44854,d15c325290c7596632f9f4c62d907e7a78d0a794862b690c4c4691ed87ea86b2,ticklabel_presence_calibration_v4.py,incluido
integrar_fontes_por_imagem_v2.py,05_integracao/integrar_fontes_por_imagem_v2.py,15322,c930d6e8883ce1ed1932ba55d374e1dc1d1abe9ed59aece0ef735ba801d4ebb6,INTEGRAÇÃO DAS FONTES POR IMAGEM — V2,incluido
inventariar_fontes_integracao_v1.py,05_integracao/inventariar_fontes_integracao_v1.py,2901,73ccd488c5261661d6be63ccc8fdc6dafc29c80a2c077547be5cae34b53de7fb,,incluido
visual_features_v4_plot_area_v6.py,07_area_plotagem/visual_features_v4_plot_area_v6.py,33337,70caee1ffe6e578671f07d7224d3a47304146cc3baa4a6d9bfc8cd5e40ed5178,visual_features_v4_plot_area_v6.py,incluido
axis_conformity_calibration_v3.py,07_eixos/axis_conformity_calibration_v3.py,29349,1582555adf23d8ed2a6b23e89eaefdcd317d0e11a2f7d361fbd69c6258866bfe,axis_conformity_calibration_v3.py,incluido
axis_conformity_calibration_v3.py,08_eixos/axis_conformity_calibration_v3.py,29349,1582555adf23d8ed2a6b23e89eaefdcd317d0e11a2f7d361fbd69c6258866bfe,axis_conformity_calibration_v3.py,incluido
mark_presence_validation_v3.py,08_presenca_marca/mark_presence_validation_v3.py,35475,8f33f4daa7e8f1cc8feba58e5ea5f80bc75639334f9e64cf6339408152bc78a2,mark_presence_validation_v3.py,incluido
mark_presence_validation_v3.py,09_presenca_marca/mark_presence_validation_v3.py,35475,8f33f4daa7e8f1cc8feba58e5ea5f80bc75639334f9e64cf6339408152bc78a2,mark_presence_validation_v3.py,incluido
color_conformity_v4.py,10_cor/01_modulos_finais_e_orquestracao/color_conformity_v4.py,51509,7d6b900452cc4a5399c678aaadac6f0304132d1781e63f67ed52f73d8c5081bb,color_conformity_v4.py,incluido
validate_color_bars_core_v5.py,10_cor/01_modulos_finais_e_orquestracao/validate_color_bars_core_v5.py,34351,b429bdfa93d76c519960a4b9a136465bf2d23fbc674421858c8d126becee6f41,validate_color_bars_core_v5.py,incluido
validate_color_scatter_holdout_v8.py,10_cor/01_modulos_finais_e_orquestracao/validate_color_scatter_holdout_v8.py,60918,ddb710a270e9a6f98db548cc648d2f53dd8fab434730f9d3e938f5fd27fb2f01,validate_color_scatter_v7_markercore.py,incluido
validate_color_scatter_v7_markercore_final.py,10_cor/01_modulos_finais_e_orquestracao/validate_color_scatter_v7_markercore_final.py,56199,e46a837aea4d7f8b5ddf8f1ff40348b25573d14e6a06bd4b07735e054582d609,validate_color_scatter_v7_markercore.py,incluido
validate_color_lines_v3.py,10_cor/99_historico_ou_nao_confirmado/validate_color_lines_v3.py,30633,93063f2187ad04bd68b657057e6e69810745cb195c04da72b13daa9803412a47,validate_color_lines_v2.py,historico/nao_confirmado
