caminho,arquivo,extensao,tamanho_bytes,sha256,categoria
00_documentacao/AMBIENTE_E_DEPENDENCIAS.txt,AMBIENTE_E_DEPENDENCIAS.txt,.txt,628,c1ff20883577bd83da59daaedcda6bd6137bc5430d249ef9dd99d9b195272a9f,00_documentacao
00_documentacao/ARQUIVOS_FONTE_AINDA_FALTANTES_V3.txt,ARQUIVOS_FONTE_AINDA_FALTANTES_V3.txt,.txt,1748,4c0b3405fee7c5a6d5c616b36effa11463900dc8804015d487741bdb9c074a95,00_documentacao
00_documentacao/ARQUIVOS_FONTE_AINDA_FALTANTES_V4.txt,ARQUIVOS_FONTE_AINDA_FALTANTES_V4.txt,.txt,1037,a2a48591729a1ea01a2a035b28d2614b8fb7058025010f4c0ac67523d7eaf66d,00_documentacao
00_documentacao/ARQUIVOS_FONTE_NAO_MONTADOS.txt,ARQUIVOS_FONTE_NAO_MONTADOS.txt,.txt,1903,edfcf91e9651454d9fed9ced7cea3dd86477c64cfd41d09cfcc7385940ab4599,00_documentacao
00_documentacao/ARQUIVOS_RECEBIDOS_NESTA_ATUALIZACAO.csv,ARQUIVOS_RECEBIDOS_NESTA_ATUALIZACAO.csv,.csv,2612,ad285e0799c5877df43c71d447960c2b72595c1918bd99492bb26a6f1b3a1ac0,00_documentacao
00_documentacao/ARQUIVOS_RECUPERADOS_E_VERIFICADOS.txt,ARQUIVOS_RECUPERADOS_E_VERIFICADOS.txt,.txt,1071,c443f4089697a07ef1a2d187ba06884898ddc13b6879103ab84096edca90f52d,00_documentacao
00_documentacao/ATUALIZACAO_V4_MASTER_FINAL.txt,ATUALIZACAO_V4_MASTER_FINAL.txt,.txt,604,7a441e40e96cfa4f4729b82b5bfda2af37b0beb4e638b03856bb9882ab67744d,00_documentacao
00_documentacao/BB_TECHNIQUE_PRODUCTION_FINAL_SUMMARY.txt,BB_TECHNIQUE_PRODUCTION_FINAL_SUMMARY.txt,.txt,1247,cc5ca054e2fb0d825950051b0c12b06a0b9782e7c1bafe66fa21121d71b7a242,00_documentacao
00_documentacao/INTEGRACAO_CONFORMIDADE_VISUAL_MASTER_V4_FINAL_SUMMARY.txt,INTEGRACAO_CONFORMIDADE_VISUAL_MASTER_V4_FINAL_SUMMARY.txt,.txt,1067,d7de7151dc3b276628f067c68846baded23ff794695af407505ad9b06ea155a6,00_documentacao
00_documentacao/INVENTARIO_CODIGOS.csv,INVENTARIO_CODIGOS.csv,.csv,13434,9504f68307fdacf6755437334b3641edfeb5fc70ce66e63ee4551cb7f8f46548,00_documentacao
00_documentacao/LOCALIZAR_DEPENDENCIAS_FALTANTES.cmd,LOCALIZAR_DEPENDENCIAS_FALTANTES.cmd,.cmd,916,110a1d3d33824b9221b13e9dcc6458e9a604b5062b74ed4cbc3156e36e483a95,00_documentacao
00_documentacao/MAPA_PACOTE_V5.txt,MAPA_PACOTE_V5.txt,.txt,999,69fc63cf817d18ca3c426d50ee0a8ccbb8433a4ae4285e7b42540e151a367e6f,00_documentacao
00_documentacao/Manifesto_Reprodutibilidade_Conformidade_Visual_Camile.xlsx,Manifesto_Reprodutibilidade_Conformidade_Visual_Camile.xlsx,.xlsx,32803,233994aa53549fcb8d9e3206864ebbf68b971e16cb658519171b42a9126743c7,00_documentacao
00_documentacao/NOTA_MODULO_COR_LINHAS.txt,NOTA_MODULO_COR_LINHAS.txt,.txt,638,7c314bb979f3abac0e9aadcc1e5180c72241d4f965b308fc0e8c6ba4902d27ec,00_documentacao
00_documentacao/PENDENCIA_FONTE_ORIGINAL_V5.txt,PENDENCIA_FONTE_ORIGINAL_V5.txt,.txt,831,86af83ccfd8014b59304be2b79b2c31f0573888e83264d778f58eaad02e4f75a,00_documentacao
00_documentacao/README_PRINCIPAL.md,README_PRINCIPAL.md,.md,3204,d1eae39a64b05f280925332b5570f3be3a2427813c13380a3dc1183e8960b24a,00_documentacao
00_documentacao/SHA256SUMS.txt,SHA256SUMS.txt,.txt,12841,04bcb939381151679360450826eea5046637eb487c325fb70d26eebb110a8cab,00_documentacao
00_documentacao/VERIFICACAO_HASHES_CONGELADOS.txt,VERIFICACAO_HASHES_CONGELADOS.txt,.txt,1000,449fda0560582f3ab73353cd75aafe6323bdabb8ffe3e78d35285dab827e6211,00_documentacao
00_documentacao/requirements.txt,requirements.txt,.txt,46,afb369732f5775083becfe02fb31543cb9e126253db4ec5f43b4fc418eb4b1e5,00_documentacao
01_preparacao_especificacao/README_separar_prompts.txt,README_separar_prompts.txt,.txt,708,3077ec6944145c08f50077150638b0f4c8c32b1be96063bbfb8e0ecb0b8ae197,01_preparacao_especificacao
01_preparacao_especificacao/separar_prompts_imagens3120.py,separar_prompts_imagens3120.py,.py,10696,07e4112fc45c680ccd551e359a56ee5e32ef4ae8427a868a001624893bb43662,01_preparacao_especificacao
02_tecnica_grafica/00_dependencias/mark_presence_validation_v3.py,mark_presence_validation_v3.py,.py,35475,8f33f4daa7e8f1cc8feba58e5ea5f80bc75639334f9e64cf6339408152bc78a2,02_tecnica_grafica
02_tecnica_grafica/01_final/chart_type_exclusive_production_v2_frozen.py,chart_type_exclusive_production_v2_frozen.py,.py,13356,4b7e716cb72dadb8dc92aa1faca06b77847ba1dfd22487fd458a142826cd3df7,02_tecnica_grafica
02_tecnica_grafica/02_validacao_auditoria/analisar_holdout_tecnica_60.py,analisar_holdout_tecnica_60.py,.py,3799,c6a51b51cf1f118264e533250927a3d41b8cb90f4e6e2ef125b90739169b6c6f,02_tecnica_grafica
02_tecnica_grafica/02_validacao_auditoria/audit_absent_chart_types_v1.py,audit_absent_chart_types_v1.py,.py,10699,4696e60653ff74bd66d0b9563d69d331645f3c53996b666dd1612af95422503d,02_tecnica_grafica
02_tecnica_grafica/02_validacao_auditoria/revisor_holdout_tecnica_exclusiva_60.py,revisor_holdout_tecnica_exclusiva_60.py,.py,10935,89fc4327b7805ef99cc7c34e361e3247def05ae59658ad0a184a1ad9aa7452f7,02_tecnica_grafica
02_tecnica_grafica/02_validacao_auditoria/revisor_tecnica_auto_conforme_120.py,revisor_tecnica_auto_conforme_120.py,.py,8148,3cf20970aafccf6ca485496bb5162ba1bf2591840c1ad5594156b32cb0b3a32c,02_tecnica_grafica
02_tecnica_grafica/02_validacao_auditoria/revisor_tecnica_producao_55.py,revisor_tecnica_producao_55.py,.py,11639,182e8890cff4905dd8b59de7334ba2504a9dfb32fc4a975b237b75b2e5071975,02_tecnica_grafica
02_tecnica_grafica/03_utilitarios/exportar_codigo_tecnica_v1.py,exportar_codigo_tecnica_v1.py,.py,4910,43a9262a1b945f7d2b5ec4fdbe4aa68e0fa2ab84e6eaa947961cc64cfb5f03fe,02_tecnica_grafica
02_tecnica_grafica/03_utilitarios/inventariar_implementacoes_tecnica_v2.py,inventariar_implementacoes_tecnica_v2.py,.py,7906,1b01f92a92ee997070e7f87fe1eaa04f5813c6eab287e569b87c8459be42ee69,02_tecnica_grafica
02_tecnica_grafica/03_utilitarios/inventariar_scripts_tecnica_v1.py,inventariar_scripts_tecnica_v1.py,.py,4079,5030532dcd803398ca9e68cf177411ca179fb25e21dd4d89c22fa2c46ea723fc,02_tecnica_grafica
02_tecnica_grafica/03_utilitarios/inventariar_tecnica_producao_v3.py,inventariar_tecnica_producao_v3.py,.py,6639,7ce4382c7ce748d88a513f0e280b034e05db46c30a526cc056b8ded014c69749,02_tecnica_grafica
02_tecnica_grafica/04_desenvolvimento_holdout/chart_type_exclusive_holdout_v2.py,chart_type_exclusive_holdout_v2.py,.py,13179,bf7d6b4dd7d7559a82379fe5a9d699937de8913de070dd4b6969a9ad5ba02686,02_tecnica_grafica
02_tecnica_grafica/04_desenvolvimento_holdout/chart_type_multiclass_validation_v1.py,chart_type_multiclass_validation_v1.py,.py,8466,a012d8d4b726fa694121ccc83bb98327b37686e85aba968eceea3337955d6368,02_tecnica_grafica
02_tecnica_grafica/05_resultados_finais/BB_TECHNIQUE_DISCREPANCIES_AUDITED_55.csv,BB_TECHNIQUE_DISCREPANCIES_AUDITED_55.csv,.csv,4081,f74a1560a549436fcf601ec8e9dd5176568ec7fcf55d6379371a2affa5ed4f43,02_tecnica_grafica
02_tecnica_grafica/05_resultados_finais/BB_TECHNIQUE_PRODUCTION_FINAL_AUDITED_3120.csv,BB_TECHNIQUE_PRODUCTION_FINAL_AUDITED_3120.csv,.csv,454760,133c23fe016c353aeb9ab233cc35b6dd54fd78f323a4b2e81ec91378a02abce4,02_tecnica_grafica
02_tecnica_grafica/05_resultados_finais/BB_TECHNIQUE_PRODUCTION_FINAL_SUMMARY.txt,BB_TECHNIQUE_PRODUCTION_FINAL_SUMMARY.txt,.txt,1247,cc5ca054e2fb0d825950051b0c12b06a0b9782e7c1bafe66fa21121d71b7a242,02_tecnica_grafica
02_tecnica_grafica/05_resultados_finais/BB_TECHNIQUE_PRODUCTION_STAGE1_3120.csv,BB_TECHNIQUE_PRODUCTION_STAGE1_3120.csv,.csv,311502,7388c89730c0393f7fda20cd1d97bcf79a0a6ccdec9a55e628780a82bf65a93f,02_tecnica_grafica
02_tecnica_grafica/05_resultados_finais/BB_TECHNIQUE_PRODUCTION_STAGE1_SUMMARY.txt,BB_TECHNIQUE_PRODUCTION_STAGE1_SUMMARY.txt,.txt,953,1c1ac26cf5a2c7189bca8c4386a70e3c90ec81339c61a2cc944c05566193f0c6,02_tecnica_grafica
02_tecnica_grafica/05_resultados_finais/VALIDACAO_HOLDOUT_TECNICA_60_FINAL.csv,VALIDACAO_HOLDOUT_TECNICA_60_FINAL.csv,.csv,7005,c8a6970d46febd0ef087ccd8e6b60ed13dab2786e87d00baf6effbc27e293d01,02_tecnica_grafica
03_conteudo_ticks/00_dependencias/axis_conformity_calibration_v3.py,axis_conformity_calibration_v3.py,.py,29349,1582555adf23d8ed2a6b23e89eaefdcd317d0e11a2f7d361fbd69c6258866bfe,03_conteudo_ticks
03_conteudo_ticks/00_dependencias/ticklabel_presence_calibration_v4.py,ticklabel_presence_calibration_v4.py,.py,44854,d15c325290c7596632f9f4c62d907e7a78d0a794862b690c4c4691ed87ea86b2,03_conteudo_ticks
03_conteudo_ticks/00_dependencias/visual_features_v4_plot_area_v6.py,visual_features_v4_plot_area_v6.py,.py,33337,70caee1ffe6e578671f07d7224d3a47304146cc3baa4a6d9bfc8cd5e40ed5178,03_conteudo_ticks
03_conteudo_ticks/01_numerico_temporal/auditar_ba_v7_auto_nonconforme_X22.py,auditar_ba_v7_auto_nonconforme_X22.py,.py,11421,386adc2e5c1597633cb0404518ebea72d09c5ffedded46dd124c18ee254bbfcb,03_conteudo_ticks
03_conteudo_ticks/01_numerico_temporal/auditar_ba_v7_auto_nonconforme_Y54.py,auditar_ba_v7_auto_nonconforme_Y54.py,.py,11421,67f2ee4d366f93c4d87c08a114849b053651a74ab277da5f3578bfe080cf5ffa,03_conteudo_ticks
03_conteudo_ticks/01_numerico_temporal/preparar_revisao_ba_v7_producao_88.py,preparar_revisao_ba_v7_producao_88.py,.py,1300,8691e876cc2f7595a1bd468eeee73c6bacb0b6e8c13ce1a827ae4083c4ea3a20,03_conteudo_ticks
03_conteudo_ticks/01_numerico_temporal/revisor_manual_ba_v7_producao_88.py,revisor_manual_ba_v7_producao_88.py,.py,14231,1b2a6f2b1ccb39a7067ae2fa5618600f514393a5077397675ec533c85e739140,03_conteudo_ticks
03_conteudo_ticks/01_numerico_temporal/separar_7_casos_bb_ticks.py,separar_7_casos_bb_ticks.py,.py,1685,75ed95dbd31bb0c9e2e06fd17f697282fd9648f8371e0b67e4e3fef8862d2b58,03_conteudo_ticks
03_conteudo_ticks/01_numerico_temporal/ticklabel_content_extraction_calibration_ba_v7.py,ticklabel_content_extraction_calibration_ba_v7.py,.py,114803,21423b59ce40eb351693f00b6a197936d936fe53131467f47c1031da864fd688,03_conteudo_ticks
03_conteudo_ticks/01_numerico_temporal/ticklabel_content_extraction_holdout_ba_v7_frozen.py,ticklabel_content_extraction_holdout_ba_v7_frozen.py,.py,27691,ebadeafb4c6a956bb0ca5741eb6de5a15dc0487336a9780620ad0768b907913e,03_conteudo_ticks
03_conteudo_ticks/01_numerico_temporal/ticklabel_content_extraction_production_ba_v7_frozen.py,ticklabel_content_extraction_production_ba_v7_frozen.py,.py,15551,2c4d986cd6b746c7b432027e26e1084abffa4b3551b87e23ac2727eb27a6353c,03_conteudo_ticks
03_conteudo_ticks/02_categorico/01_final/README_BA_CAT_V9.txt,README_BA_CAT_V9.txt,.txt,4270,4b9c593bf15f382fc2c008cde41239ca911c9b55784167628652f5f41401ec67,03_conteudo_ticks
03_conteudo_ticks/02_categorico/01_final/preparar_revisao_ba_cat_producao_280.py,preparar_revisao_ba_cat_producao_280.py,.py,1449,4b68d3e2f15a5f9193d2006955a8fea1e936d205351f4db99004e557c37ea07f,03_conteudo_ticks
03_conteudo_ticks/02_categorico/01_final/reparar_ba_cat_v9_producao_resume_v1.py,reparar_ba_cat_v9_producao_resume_v1.py,.py,10229,ae82e6ea1fa259c0732e1e8b3064052ad46ca791df941777c0961a14760939cb,03_conteudo_ticks
03_conteudo_ticks/02_categorico/01_final/revisor_manual_ba_cat_producao_280.py,revisor_manual_ba_cat_producao_280.py,.py,15058,2af1f8e629e337fcb7359dadad457f7e19fc199c26e5ec725b63c41de956b90f,03_conteudo_ticks
03_conteudo_ticks/02_categorico/01_final/ticklabel_categorical_extraction_calibration_ba_cat_v9.py,ticklabel_categorical_extraction_calibration_ba_cat_v9.py,.py,117194,65d29b4c1aaad4e054922e37b0cb5496084520fd31b1977bc1d003d9fd2fc5e9,03_conteudo_ticks
03_conteudo_ticks/02_categorico/01_final/ticklabel_categorical_holdout_ba_cat_v9_frozen.py,ticklabel_categorical_holdout_ba_cat_v9_frozen.py,.py,22173,3a97a22597ed4b21dc18443d0a84da59fa1e60c2d855c89591ddf8159d962914,03_conteudo_ticks
03_conteudo_ticks/02_categorico/01_final/ticklabel_categorical_production_ba_cat_v9_frozen_resume.py,ticklabel_categorical_production_ba_cat_v9_frozen_resume.py,.py,13583,0a65668c5ce8d8729024cdbc64dc96fc0a663867ef84d435464f75810b517557,03_conteudo_ticks
03_conteudo_ticks/02_categorico/99_historico/README_BA_CAT_V1.txt,README_BA_CAT_V1.txt,.txt,6537,2d79df15150b33e3d0ea42bb50a3187432876e479a46715790e5222ad09bf427,03_conteudo_ticks
03_conteudo_ticks/02_categorico/99_historico/README_BA_CAT_V1_FIXED.txt,README_BA_CAT_V1_FIXED.txt,.txt,1554,719ba0fd0649ea416c70a3104a45355a97e0d3ffb0c0835da983c6c5f74c0328,03_conteudo_ticks
03_conteudo_ticks/02_categorico/99_historico/README_BA_CAT_V2.txt,README_BA_CAT_V2.txt,.txt,3326,564fb013baa0bb62505b8420ddf71093c88431578fce3bcf78e49e29239740b2,03_conteudo_ticks
03_conteudo_ticks/02_categorico/99_historico/README_BA_CAT_V3.txt,README_BA_CAT_V3.txt,.txt,3924,0d348e084aa41465fde04cd5565dd5867a3d007c9fda21c4170528122676e940,03_conteudo_ticks
03_conteudo_ticks/02_categorico/99_historico/README_BA_CAT_V4.txt,README_BA_CAT_V4.txt,.txt,4465,db42cb307db4106d41d37990cbd7e22d3a20f2b94d960a7ee6d5bc9eb6aa15fa,03_conteudo_ticks
03_conteudo_ticks/02_categorico/99_historico/README_BA_CAT_V5.txt,README_BA_CAT_V5.txt,.txt,4800,0dae86ee17d6b970f2dfd42ef826d5e1db1ba43ee803e6157e82912a6747db4b,03_conteudo_ticks
03_conteudo_ticks/02_categorico/99_historico/README_BA_CAT_V6.txt,README_BA_CAT_V6.txt,.txt,4017,561dbaec21b46d627f489989cd39ef9dcc0bb938d1d5d3a41f81e37f2f3772a4,03_conteudo_ticks
03_conteudo_ticks/02_categorico/99_historico/README_BA_CAT_V7.txt,README_BA_CAT_V7.txt,.txt,4806,ecedd611228ff3d7e54e6351fdc92b31c048534bbbd619bd9e2484c539dcc8db,03_conteudo_ticks
03_conteudo_ticks/02_categorico/99_historico/README_BA_CAT_V8.txt,README_BA_CAT_V8.txt,.txt,4477,44e1955f29309e93e7c7f349c000084a5f021ccc9a17f3c7a71dcf6538a6a435,03_conteudo_ticks
03_conteudo_ticks/02_categorico/99_historico/ticklabel_categorical_extraction_calibration_ba_cat_v1.py,ticklabel_categorical_extraction_calibration_ba_cat_v1.py,.py,41001,139e2e2facd72dbcf6746b819253046be573257ce5dad3749d41df19dc53ab3b,03_conteudo_ticks
03_conteudo_ticks/02_categorico/99_historico/ticklabel_categorical_extraction_calibration_ba_cat_v1_fixed.py,ticklabel_categorical_extraction_calibration_ba_cat_v1_fixed.py,.py,45784,b9e82f88d2f6de30004333b191819fd744a73e0c649139152ea9d03a09edf53f,03_conteudo_ticks
03_conteudo_ticks/02_categorico/99_historico/ticklabel_categorical_extraction_calibration_ba_cat_v2.py,ticklabel_categorical_extraction_calibration_ba_cat_v2.py,.py,55788,0c4a809dfc5513453250df147576b13abcfbaf3fc18fedd170d18b8eb2b68076,03_conteudo_ticks
03_conteudo_ticks/02_categorico/99_historico/ticklabel_categorical_extraction_calibration_ba_cat_v3.py,ticklabel_categorical_extraction_calibration_ba_cat_v3.py,.py,66102,32bc3db93da2ee06332185fd8b0b4310fe3de9c2e2cb2e30072774c7291949c8,03_conteudo_ticks
03_conteudo_ticks/02_categorico/99_historico/ticklabel_categorical_extraction_calibration_ba_cat_v4.py,ticklabel_categorical_extraction_calibration_ba_cat_v4.py,.py,79016,2d524ab8315ca61360cea17c4f6240b26d8d6d72dd28e795d4fa5d23e2aad905,03_conteudo_ticks
03_conteudo_ticks/02_categorico/99_historico/ticklabel_categorical_extraction_calibration_ba_cat_v5.py,ticklabel_categorical_extraction_calibration_ba_cat_v5.py,.py,93303,7b33c1ef12cc0d089c8d31104a03f0a031c2692962905d7db3a4b7672c08c78a,03_conteudo_ticks
03_conteudo_ticks/02_categorico/99_historico/ticklabel_categorical_extraction_calibration_ba_cat_v6.py,ticklabel_categorical_extraction_calibration_ba_cat_v6.py,.py,99789,7eec3dd65e68fe2a8ed6b09a370cd46bb4119b589e7a8061c3207cc2d9cb1e81,03_conteudo_ticks
03_conteudo_ticks/02_categorico/99_historico/ticklabel_categorical_extraction_calibration_ba_cat_v7.py,ticklabel_categorical_extraction_calibration_ba_cat_v7.py,.py,110961,48d83885d64e7b9e45381060728f8319e0118de37231f0a83c5e72e219031753,03_conteudo_ticks
03_conteudo_ticks/02_categorico/99_historico/ticklabel_categorical_extraction_calibration_ba_cat_v8.py,ticklabel_categorical_extraction_calibration_ba_cat_v8.py,.py,116631,d4a21417df72e65b4a2d7b6cf9cec6871e0a769a76ab86fec230fa1c29f49949,03_conteudo_ticks
03_conteudo_ticks/03_comparacao_BB_final/PROTOCOLO_PRODUCAO_TICKS_3120_V1.txt,PROTOCOLO_PRODUCAO_TICKS_3120_V1.txt,.txt,5150,7fd2db21a672a890c6ff29ba50ec7004c70f64da7649f2f85c0be76a4e5927a6,03_conteudo_ticks
03_conteudo_ticks/03_comparacao_BB_final/README_BB_TICK_CONTENT_PRODUCTION_V1.txt,README_BB_TICK_CONTENT_PRODUCTION_V1.txt,.txt,2355,4bfa52ad6f7c09317d9ece26199cfe8206dbf447c04ac0dd3a70bc6ee78cc2ad,03_conteudo_ticks
03_conteudo_ticks/03_comparacao_BB_final/bb_tick_content_production_v1.py,bb_tick_content_production_v1.py,.py,20495,d12cd6969a1f2a327ae198cef2ca88a487af32394faa5b2a869e66e3f3a2d6c2,03_conteudo_ticks
04_presenca_ticklabels/01_producao_final/historico_ticklabel_presence_full_v5.py,historico_ticklabel_presence_full_v5.py,.py,19495,be16628fa738cc011128fffc98ad21be29ebd151b9796d367570fb32ef5581ac,04_presenca_ticklabels
04_presenca_ticklabels/01_producao_final/ticklabel_presence_full_v5_fixed.py,ticklabel_presence_full_v5_fixed.py,.py,19485,ea8ca2cb7a154ad26a9ddd2d3b958b77ff321d9d616aa18190dade7f6da7c15f,04_presenca_ticklabels
04_presenca_ticklabels/02_revisao_manual/historico_revisor_manual_ticklabel_presence_36.py,historico_revisor_manual_ticklabel_presence_36.py,.py,12826,f33e8a527718a382cd14afbd25574cdc6c6e3776e914d1b501375bb302f0d6b1,04_presenca_ticklabels
04_presenca_ticklabels/02_revisao_manual/revisor_manual_ticklabel_presence_36_corrigido.py,revisor_manual_ticklabel_presence_36_corrigido.py,.py,12827,819259176701845e016f10fe093d27b9ba6f63964d940a2e74975eb367876593,04_presenca_ticklabels
04_presenca_ticklabels/historico/revisor_manual_ticklabel_presence_36.py,revisor_manual_ticklabel_presence_36.py,.py,12826,f33e8a527718a382cd14afbd25574cdc6c6e3776e914d1b501375bb302f0d6b1,04_presenca_ticklabels
04_presenca_ticklabels/revisor_manual_ticklabel_presence_36_corrigido.py,revisor_manual_ticklabel_presence_36_corrigido.py,.py,12827,819259176701845e016f10fe093d27b9ba6f63964d940a2e74975eb367876593,04_presenca_ticklabels
04_presenca_ticklabels/ticklabel_presence_calibration_v4.py,ticklabel_presence_calibration_v4.py,.py,44854,d15c325290c7596632f9f4c62d907e7a78d0a794862b690c4c4691ed87ea86b2,04_presenca_ticklabels
05_integracao/integrar_fontes_por_imagem_v2.py,integrar_fontes_por_imagem_v2.py,.py,15322,c930d6e8883ce1ed1932ba55d374e1dc1d1abe9ed59aece0ef735ba801d4ebb6,05_integracao
05_integracao/inventariar_fontes_integracao_v1.py,inventariar_fontes_integracao_v1.py,.py,2901,73ccd488c5261661d6be63ccc8fdc6dafc29c80a2c077547be5cae34b53de7fb,05_integracao
06_configuracoes_e_metadados/B_B_NORMALIZATION_V1.json,B_B_NORMALIZATION_V1.json,.json,2207,c924340be7bda9fc4c607d5d60ce1c54b91c0ca149ed508810ab51061d82b112,06_configuracoes_e_metadados
06_configuracoes_e_metadados/B_B_NORMALIZATION_V1.xlsx,B_B_NORMALIZATION_V1.xlsx,.xlsx,12794,aa7b088aab94453b1cf51ef40f5e9e8f96943697d73f2e9a5287b0695dc35aa3,06_configuracoes_e_metadados
06_configuracoes_e_metadados/F_MASTER_V4_TICK_SCOPE_ADJUDICATED.xlsx,F_MASTER_V4_TICK_SCOPE_ADJUDICATED.xlsx,.xlsx,228873,90b9dd8f65f73366be0e255547e413ba53128b34093f6e2aad5064286350a40b,06_configuracoes_e_metadados
06_configuracoes_e_metadados/artefatos_preflight_ticks_3120.zip,artefatos_preflight_ticks_3120.zip,.zip,235772,bc5ea0eaaa287a6a89974525b76d9760f4ac5e44a92349a290f7c1a7145f2c40,06_configuracoes_e_metadados
06_configuracoes_e_metadados/prompts_manifest.csv,prompts_manifest.csv,.csv,49550,21962407875fef0bb0cbfeae1f6a7cc0e0ffb7b7f5fddc125a5e8b57636fbb9b,06_configuracoes_e_metadados
07_area_plotagem/visual_features_v4_plot_area_v6.py,visual_features_v4_plot_area_v6.py,.py,33337,70caee1ffe6e578671f07d7224d3a47304146cc3baa4a6d9bfc8cd5e40ed5178,07_area_plotagem
07_eixos/01_producao_final/axis_presence_full_v5_1.py,axis_presence_full_v5_1.py,.py,19462,861aa68274e580057f401a3fcfdba0c34c9fc5a9c62672a03918afd95c77eb97,07_eixos
07_eixos/axis_conformity_calibration_v3.py,axis_conformity_calibration_v3.py,.py,29349,1582555adf23d8ed2a6b23e89eaefdcd317d0e11a2f7d361fbd69c6258866bfe,07_eixos
08_eixos/axis_conformity_calibration_v3.py,axis_conformity_calibration_v3.py,.py,29349,1582555adf23d8ed2a6b23e89eaefdcd317d0e11a2f7d361fbd69c6258866bfe,08_eixos
08_presenca_marca/mark_presence_validation_v3.py,mark_presence_validation_v3.py,.py,35475,8f33f4daa7e8f1cc8feba58e5ea5f80bc75639334f9e64cf6339408152bc78a2,08_presenca_marca
09_presenca_marca/README_mark_presence_full_v5.txt,README_mark_presence_full_v5.txt,.txt,1139,a0d87a70e3650ab533895ddcc824d6fc66040c25447b2e5b31ea12a350f77cca,09_presenca_marca
09_presenca_marca/mark_presence_full_v5.py,mark_presence_full_v5.py,.py,19531,75446d63972e2ad7e80e3d29c25ce593fee580178295d885ff964480b415f996,09_presenca_marca
09_presenca_marca/mark_presence_validation_v3.py,mark_presence_validation_v3.py,.py,35475,8f33f4daa7e8f1cc8feba58e5ea5f80bc75639334f9e64cf6339408152bc78a2,09_presenca_marca
10_cor/01_modulos_finais_e_orquestracao/color_conformity_config.json,color_conformity_config.json,.json,977,e0f480b409cf4efeb104144a53abbf0e4bfa6f8c10e6118fdb5ae46ebfa5cb7d,10_cor
10_cor/01_modulos_finais_e_orquestracao/color_conformity_v4.py,color_conformity_v4.py,.py,51509,7d6b900452cc4a5399c678aaadac6f0304132d1781e63f67ed52f73d8c5081bb,10_cor
10_cor/01_modulos_finais_e_orquestracao/validate_color_bars_core_v5.py,validate_color_bars_core_v5.py,.py,34351,b429bdfa93d76c519960a4b9a136465bf2d23fbc674421858c8d126becee6f41,10_cor
10_cor/01_modulos_finais_e_orquestracao/validate_color_lines_v4.py,validate_color_lines_v4.py,.py,49569,890a292bb96b1e3fccda1078aa682fd9cd09f765fcefbbe64034faccc9675612,10_cor
10_cor/01_modulos_finais_e_orquestracao/validate_color_scatter_holdout_v8.py,validate_color_scatter_holdout_v8.py,.py,60918,ddb710a270e9a6f98db548cc648d2f53dd8fab434730f9d3e938f5fd27fb2f01,10_cor
10_cor/01_modulos_finais_e_orquestracao/validate_color_scatter_v7_markercore_final.py,validate_color_scatter_v7_markercore_final.py,.py,56199,e46a837aea4d7f8b5ddf8f1ff40348b25573d14e6a06bd4b07735e054582d609,10_cor
10_cor/02_resultados_finais/color_conformity_final_images.csv,color_conformity_final_images.csv,.csv,673233,35c69187103742ff20fee7e7bc162185e4d958bad48aa9ce1a4195613c8dc7c9,10_cor
10_cor/03_posprocessamento_final/color_conformity_postprocess_v1.py,color_conformity_postprocess_v1.py,.py,20712,13d175ffd70b02f7ea55538e622dd81eb837a7b09363379d9831b682118982ac,10_cor
10_cor/03_posprocessamento_final/color_postprocess_config.json,color_postprocess_config.json,.json,727,69917e76ff12b0f0becd0a508970f52e2c9d4863946385e2504fa933731ee435,10_cor
10_cor/99_historico_ou_nao_confirmado/validate_color_lines_v3.py,validate_color_lines_v3.py,.py,30633,93063f2187ad04bd68b657057e6e69810745cb195c04da72b13daa9803412a47,10_cor
11_saidas_intermediarias/mark_presence_images_v5.csv,mark_presence_images_v5.csv,.csv,618592,b57d05d4182324b0676fc1511a787893ad6398eea9662e3d486c91905a7c7a81,11_saidas_intermediarias
12_integracao_final/INTEGRACAO_CONFORMIDADE_VISUAL_MASTER_V4_FINAL.csv,INTEGRACAO_CONFORMIDADE_VISUAL_MASTER_V4_FINAL.csv,.csv,1161097,f7af3a42f0f5a4e2481ee220432e5b762c9bf2c1cfed25ad5e39818ef6eaf5a0,12_integracao_final
12_integracao_final/INTEGRACAO_CONFORMIDADE_VISUAL_MASTER_V4_FINAL_SUMMARY.txt,INTEGRACAO_CONFORMIDADE_VISUAL_MASTER_V4_FINAL_SUMMARY.txt,.txt,1067,d7de7151dc3b276628f067c68846baded23ff794695af407505ad9b06ea155a6,12_integracao_final
12_integracao_final/historico/INTEGRACAO_CONFORMIDADE_VISUAL_MASTER_V2.csv,INTEGRACAO_CONFORMIDADE_VISUAL_MASTER_V2.csv,.csv,751470,858e5c728a896b27911fae70d877abcd3e4997bc23da1eda745048113c70d463,12_integracao_final
12_integracao_final/historico/INTEGRACAO_CONFORMIDADE_VISUAL_MASTER_V3.csv,INTEGRACAO_CONFORMIDADE_VISUAL_MASTER_V3.csv,.csv,764505,4ce433680da9f56180956484a1bd03c99067832a73eb735f2effd74e438ebfd5,12_integracao_final
13_resultados_finais/conteudo_ticks/BB_TICK_CONTENT_FINAL_SUMMARY_BY_CONDITION.csv,BB_TICK_CONTENT_FINAL_SUMMARY_BY_CONDITION.csv,.csv,263,a84bc5984aa914398b1292907667b7f1d136ce4d067190e9cb771ee84bb70ec1,13_resultados_finais
13_resultados_finais/conteudo_ticks/BB_TICK_CONTENT_FINAL_SUMMARY_BY_KIND.csv,BB_TICK_CONTENT_FINAL_SUMMARY_BY_KIND.csv,.csv,204,05e4b98b6a3e32194a06767939ecf32b60a678b7ea29bcb79cd894f23f2c6195,13_resultados_finais
13_resultados_finais/conteudo_ticks/BB_TICK_CONTENT_FINAL_SUMMARY_BY_PROFILE.csv,BB_TICK_CONTENT_FINAL_SUMMARY_BY_PROFILE.csv,.csv,293,549ff9fe776389fecc71a4ad5f6ae4b1c185c56f2d88114a0f79b8cf6056a5af,13_resultados_finais
13_resultados_finais/conteudo_ticks/BB_TICK_CONTENT_FINAL_SUMMARY_BY_PROFILE_AXIS_KIND.csv,BB_TICK_CONTENT_FINAL_SUMMARY_BY_PROFILE_AXIS_KIND.csv,.csv,582,51e3ec8c36c038495505fe5c5eb5410b7edc338d5b4cc0d1cdbf38cfef349dd3,13_resultados_finais
13_resultados_finais/conteudo_ticks/BB_TICK_CONTENT_PRODUCTION_FINAL_AUDITED_1380.csv,BB_TICK_CONTENT_PRODUCTION_FINAL_AUDITED_1380.csv,.csv,721700,7a1106e243bc2f02f3952a1672665007a55cc57cb19581bd3d7702d2078b8477,13_resultados_finais
13_resultados_finais/presenca_ticklabels/TICKLABEL_PRESENCE_36_FINAL_CONSOLIDADO.csv,TICKLABEL_PRESENCE_36_FINAL_CONSOLIDADO.csv,.csv,2582,3fa2d430e1c828c8a186ba3e3144c8266e15ca01eb5df6f21b97374110811e86,13_resultados_finais
