filename,profile,unit_id,repeat,expected_type,auto_observed_type,manual_visible_type_raw,manual_visible_type_normalized,final_technique_status,manual_notes
BC_002_R02.png,BC,BC_002,2,BAR,SCATTER,BAR,BAR,CONFORMING,
BC_002_R05.png,BC,BC_002,5,BAR,LINE,LINE,LINE,NONCONFORMING,
BC_002_R06.png,BC,BC_002,6,BAR,SCATTER,UNCERTAIN,UNEVALUABLE,UNEVALUABLE,parece ser bar mas é tão fina que se aprece com linahs vertical e tem um circulo no final
BC_002_R08.png,BC,BC_002,8,BAR,SCATTER,LINE,LINE,NONCONFORMING,"é uma linha em degrau, semelhante a carras contiguas"
BC_002_R09.png,BC,BC_002,9,BAR,OTHER,BAR,BAR,CONFORMING,
BC_004_R01.png,BC,BC_004,1,BAR,SCATTER,BAR,BAR,CONFORMING,
BC_014_R07.png,BC,BC_014,7,BAR,OTHER,EMPTY_NO_DATA,OTHER,NONCONFORMING,
BC_022_R01.png,BC,BC_022,1,BAR,SCATTER,BAR,BAR,CONFORMING,
BC_027_R02.png,BC,BC_027,2,BAR,SCATTER,BAR,BAR,CONFORMING,
BC_027_R03.png,BC,BC_027,3,BAR,SCATTER,BAR,BAR,CONFORMING,
BC_027_R04.png,BC,BC_027,4,BAR,SCATTER,BAR,BAR,CONFORMING,
BC_027_R05.png,BC,BC_027,5,BAR,OTHER,EMPTY_NO_DATA,OTHER,NONCONFORMING,
BC_027_R06.png,BC,BC_027,6,BAR,OTHER,EMPTY_NO_DATA,OTHER,NONCONFORMING,
BC_034_R02.png,BC,BC_034,2,BAR,SCATTER,EMPTY_NO_DATA,OTHER,NONCONFORMING,
BC_034_R03.png,BC,BC_034,3,BAR,SCATTER,EMPTY_NO_DATA,OTHER,NONCONFORMING,
BC_034_R04.png,BC,BC_034,4,BAR,OTHER,BAR,BAR,CONFORMING,
BC_035_R02.png,BC,BC_035,2,BAR,SCATTER,BAR,BAR,CONFORMING,
BC_035_R03.png,BC,BC_035,3,BAR,SCATTER,BAR,BAR,CONFORMING,
BC_035_R04.png,BC,BC_035,4,BAR,SCATTER,BAR,BAR,CONFORMING,
BC_038_R01.png,BC,BC_038,1,BAR,SCATTER,BAR,BAR,CONFORMING,
BC_044_R02.png,BC,BC_044,2,BAR,SCATTER,UNCERTAIN,UNEVALUABLE,UNEVALUABLE,linhas verticais muito finas e muita sobreposição
BC_044_R08.png,BC,BC_044,8,BAR,SCATTER,UNCERTAIN,UNEVALUABLE,UNEVALUABLE,linhas verticais muito finas e muita sobreposição
BI_002_R03.png,BI,BI_002,3,BAR,SCATTER,BAR,BAR,CONFORMING,
BI_008_R03.png,BI,BI_008,3,BAR,SCATTER,EMPTY_NO_DATA,OTHER,NONCONFORMING,
BI_008_R04.png,BI,BI_008,4,BAR,SCATTER,EMPTY_NO_DATA,OTHER,NONCONFORMING,
BI_010_R02.png,BI,BI_010,2,BAR,OTHER,BAR,BAR,CONFORMING,
BI_010_R03.png,BI,BI_010,3,BAR,OTHER,BAR,BAR,CONFORMING,
BI_010_R04.png,BI,BI_010,4,BAR,OTHER,BAR,BAR,CONFORMING,
BI_010_R05.png,BI,BI_010,5,BAR,SCATTER,BAR,BAR,CONFORMING,
BI_028_R02.png,BI,BI_028,2,BAR,LINE,LINE,LINE,NONCONFORMING,
BI_028_R04.png,BI,BI_028,4,BAR,LINE,LINE,LINE,NONCONFORMING,
BI_028_R06.png,BI,BI_028,6,BAR,LINE,LINE,LINE,NONCONFORMING,
BI_028_R07.png,BI,BI_028,7,BAR,LINE,LINE,LINE,NONCONFORMING,
BI_041_R03.png,BI,BI_041,3,BAR,SCATTER,BAR,BAR,CONFORMING,
BI_041_R05.png,BI,BI_041,5,BAR,SCATTER,BAR,BAR,CONFORMING,
LC_013_R02.png,LC,LC_013,2,LINE,SCATTER,EMPTY_NO_DATA,OTHER,NONCONFORMING,
LC_013_R10.png,LC,LC_013,10,LINE,SCATTER,EMPTY_NO_DATA,OTHER,NONCONFORMING,
LC_046_R03.png,LC,LC_046,3,LINE,SCATTER,LINE,LINE,CONFORMING,sobreposiçao com eixo x
LI_008_R02.png,LI,LI_008,2,LINE,BAR,LINE,LINE,CONFORMING,
LI_008_R03.png,LI,LI_008,3,LINE,OTHER,EMPTY_NO_DATA,OTHER,NONCONFORMING,
LI_008_R10.png,LI,LI_008,10,LINE,BAR,LINE,LINE,CONFORMING,
LI_029_R01.png,LI,LI_029,1,LINE,OTHER,LINE,LINE,CONFORMING,
LI_030_R02.png,LI,LI_030,2,LINE,OTHER,EMPTY_NO_DATA,OTHER,NONCONFORMING,
LI_030_R03.png,LI,LI_030,3,LINE,OTHER,EMPTY_NO_DATA,OTHER,NONCONFORMING,
LI_030_R04.png,LI,LI_030,4,LINE,OTHER,EMPTY_NO_DATA,OTHER,NONCONFORMING,
LI_030_R05.png,LI,LI_030,5,LINE,OTHER,EMPTY_NO_DATA,OTHER,NONCONFORMING,
LI_030_R06.png,LI,LI_030,6,LINE,OTHER,EMPTY_NO_DATA,OTHER,NONCONFORMING,
LI_030_R07.png,LI,LI_030,7,LINE,OTHER,EMPTY_NO_DATA,OTHER,NONCONFORMING,
LI_030_R08.png,LI,LI_030,8,LINE,OTHER,EMPTY_NO_DATA,OTHER,NONCONFORMING,
LI_030_R09.png,LI,LI_030,9,LINE,OTHER,EMPTY_NO_DATA,OTHER,NONCONFORMING,
LI_030_R10.png,LI,LI_030,10,LINE,OTHER,EMPTY_NO_DATA,OTHER,NONCONFORMING,
LI_037_R01.png,LI,LI_037,1,LINE,BAR,LINE,LINE,CONFORMING,
LI_049_R04.png,LI,LI_049,4,LINE,SCATTER,LINE,LINE,CONFORMING,
LI_049_R07.png,LI,LI_049,7,LINE,SCATTER,LINE,LINE,CONFORMING,
SC_017_R08.png,SC,SC_017,8,SCATTER,OTHER,SCATTER,SCATTER,CONFORMING,um ponto
