filename,profile,unit_id,repeat,manual_x_present_final,manual_y_present_final,manual_classification,ticklabel_presence_status_final,manual_notes
BC_002_R08.png,BC,BC_002,8,YES,YES,BOTH_PRESENT,CONFORMING,
BC_011_R03.png,BC,BC_011,3,YES,YES,BOTH_PRESENT,CONFORMING,
BC_011_R04.png,BC,BC_011,4,YES,YES,BOTH_PRESENT,CONFORMING,
BC_011_R05.png,BC,BC_011,5,YES,YES,BOTH_PRESENT,CONFORMING,
BC_011_R08.png,BC,BC_011,8,YES,YES,BOTH_PRESENT,CONFORMING,
BC_011_R09.png,BC,BC_011,9,YES,YES,BOTH_PRESENT,CONFORMING,
BC_011_R10.png,BC,BC_011,10,YES,YES,BOTH_PRESENT,CONFORMING,
BC_013_R09.png,BC,BC_013,9,YES,YES,BOTH_PRESENT,CONFORMING,a primeira coluna tem valor zero e não tem rótulo
BC_014_R07.png,BC,BC_014,7,NO,YES,Y_ONLY,NONCONFORMING,"como não nenhum grafico, os rótulos do  eixo y são todos iguais R$ 0M ou R$ -0M"
BC_027_R02.png,BC,BC_027,2,YES,YES,BOTH_PRESENT,CONFORMING,só há uma categoria no gráfico relacionado ao eixo x
BC_027_R03.png,BC,BC_027,3,YES,YES,BOTH_PRESENT,CONFORMING,
BC_027_R04.png,BC,BC_027,4,YES,YES,BOTH_PRESENT,CONFORMING,
BC_027_R05.png,BC,BC_027,5,NO,YES,Y_ONLY,NONCONFORMING,sem dados no gráfico
BC_027_R06.png,BC,BC_027,6,NO,YES,Y_ONLY,NONCONFORMING,valores de Y iguais
BC_035_R02.png,BC,BC_035,2,YES,YES,BOTH_PRESENT,CONFORMING,
BC_035_R03.png,BC,BC_035,3,YES,YES,BOTH_PRESENT,CONFORMING,
BC_035_R04.png,BC,BC_035,4,YES,YES,BOTH_PRESENT,CONFORMING,
BC_038_R01.png,BC,BC_038,1,YES,YES,BOTH_PRESENT,CONFORMING,
BC_041_R03.png,BC,BC_041,3,YES,YES,BOTH_PRESENT,CONFORMING,
BC_041_R04.png,BC,BC_041,4,YES,YES,BOTH_PRESENT,CONFORMING,
BC_044_R02.png,BC,BC_044,2,UNEVALUABLE,YES,UNEVALUABLE,UNEVALUABLE,
BC_044_R08.png,BC,BC_044,8,UNEVALUABLE,YES,UNEVALUABLE,UNEVALUABLE,
BI_033_R02.png,BI,BI_033,2,YES,YES,BOTH_PRESENT,CONFORMING,
BI_033_R03.png,BI,BI_033,3,YES,YES,BOTH_PRESENT,CONFORMING,
BI_033_R04.png,BI,BI_033,4,YES,YES,BOTH_PRESENT,CONFORMING,
BI_033_R05.png,BI,BI_033,5,YES,YES,BOTH_PRESENT,CONFORMING,
BI_033_R06.png,BI,BI_033,6,YES,YES,BOTH_PRESENT,CONFORMING,
BI_033_R07.png,BI,BI_033,7,YES,YES,BOTH_PRESENT,CONFORMING,
BI_033_R08.png,BI,BI_033,8,YES,YES,BOTH_PRESENT,CONFORMING,
BI_033_R09.png,BI,BI_033,9,YES,YES,BOTH_PRESENT,CONFORMING,
BI_033_R10.png,BI,BI_033,10,YES,YES,BOTH_PRESENT,CONFORMING,
BI_041_R03.png,BI,BI_041,3,YES,YES,BOTH_PRESENT,CONFORMING,
BI_041_R05.png,BI,BI_041,5,YES,YES,BOTH_PRESENT,CONFORMING,
LI_008_R02.png,LI,LI_008,2,YES,YES,BOTH_PRESENT,CONFORMING,
LI_008_R10.png,LI,LI_008,10,YES,YES,BOTH_PRESENT,CONFORMING,
LI_029_R01.png,LI,LI_029,1,YES,YES,BOTH_PRESENT,CONFORMING,
