unit_id,prompt_file,participant_id,condition,type,task,n_images,first_image,last_image,prompt_sha256,action
BC_001,BC_001.txt,1,FEW-SHOT,Barras,Comparação,10,BC_001_R01.png,BC_001_R10.png,e931c4907c90c8a9d13b60ed40d7702a8268dab8b10409849263a20a2cfc8800,CREATED
BC_002,BC_002.txt,4,FEW-SHOT,Barras,Comparação,10,BC_002_R01.png,BC_002_R10.png,140d3f945676c7adeefb1192d76562c21a0db32ad87a80b8581d0cbe7461985d,CREATED
BC_003,BC_003.txt,6,FEW-SHOT,Barras,Comparação,10,BC_003_R01.png,BC_003_R10.png,0b9e68edf5440706ec1d1b40a1f5863d53cdfc0afe9e6eee0d447b250a8235a3,CREATED
BC_004,BC_004.txt,7,FEW-SHOT,Barras,Comparação,10,BC_004_R01.png,BC_004_R10.png,5a812e4f7d55bb22b026d16b8ac2f56680b54c8d4f0f3a3100809b0499ba35ce,CREATED
BC_005,BC_005.txt,8,FEW-SHOT,Barras,Comparação,10,BC_005_R01.png,BC_005_R10.png,6b84a984b188d6f0c2169aed72935ba659b52634df9c5ba715b0cb8f4d00b6df,CREATED
BC_006,BC_006.txt,9,FEW-SHOT,Barras,Comparação,10,BC_006_R01.png,BC_006_R10.png,de49db123b492e44ad2d425090391ca849994fbb712b36b1148e614f8a941e31,CREATED
BC_007,BC_007.txt,10,FEW-SHOT,Barras,Comparação,10,BC_007_R01.png,BC_007_R10.png,32a6c1b74d1b9d8c2d9a246a0c44d0edb8e3874755f0cd026e8b8dac0cdefd0f,CREATED
BC_008,BC_008.txt,11,FEW-SHOT,Barras,Comparação,10,BC_008_R01.png,BC_008_R10.png,6402e771c9950521b481c52dd63a5991b3698e722de7af7958bf58482e14d6f9,CREATED
BC_009,BC_009.txt,12,FEW-SHOT,Barras,Comparação,10,BC_009_R01.png,BC_009_R10.png,f4f24e0886fa8ff7d7f95c9e3ec567eeeee97268d6dcff7d3006f7f9cccf420c,CREATED
BC_010,BC_010.txt,13,FEW-SHOT,Barras,Comparação,10,BC_010_R01.png,BC_010_R10.png,c3124833476b660ae3ef227436d42705bee4bc7d6cb2f2814a7640d1e3775b49,CREATED
BC_011,BC_011.txt,14,FEW-SHOT,Barras,Comparação,10,BC_011_R01.png,BC_011_R10.png,ac3f641d9c9bb64e80da13dbcd0794e3987c69b08746787799337c7cbb720316,CREATED
BC_012,BC_012.txt,15,FEW-SHOT,Barras,Comparação,10,BC_012_R01.png,BC_012_R10.png,d837211d823490781e6fe38001e44ab403bcf85bb4082a467e144c28d8a12210,CREATED
BC_013,BC_013.txt,16,FEW-SHOT,Barras,Comparação,10,BC_013_R01.png,BC_013_R10.png,e397a23c2f9087511ddf5b4a0603f500c234ad785cd30fbbc7addd9c4315dcf2,CREATED
BC_014,BC_014.txt,1,HIBRIDO,Barras,Comparação,10,BC_014_R01.png,BC_014_R10.png,2d84fa1a6c2d464a87f47bba3d1f46093131ad7c31cac7cb257e375748a78cae,CREATED
BC_015,BC_015.txt,4,HIBRIDO,Barras,Comparação,10,BC_015_R01.png,BC_015_R10.png,de2ca6b718cd06840f677ec1510c9d02b844b5990b5f0aafefb5b8ce39e60db2,CREATED
BC_016,BC_016.txt,6,HIBRIDO,Barras,Comparação,10,BC_016_R01.png,BC_016_R10.png,f1d989506db2fb822fc073eda56ca836cf83bcaff6a0c8afc6f49c61f7315872,CREATED
BC_017,BC_017.txt,7,HIBRIDO,Barras,Comparação,10,BC_017_R01.png,BC_017_R10.png,881da4a4b2d5291edf4cf27de0a6d218d0b658419ce9a8f0864f9e8c3e166bd0,CREATED
BC_018,BC_018.txt,8,HIBRIDO,Barras,Comparação,10,BC_018_R01.png,BC_018_R10.png,48c4032d1e11d92f97c5b217d63edb0d65ddb05b52a7f5634447f6af46682927,CREATED
BC_019,BC_019.txt,9,HIBRIDO,Barras,Comparação,10,BC_019_R01.png,BC_019_R10.png,4bbfece6f932564231a82878b377e812ba1c64c7bf7a3309d5c6ee4489ae75c6,CREATED
BC_020,BC_020.txt,10,HIBRIDO,Barras,Comparação,10,BC_020_R01.png,BC_020_R10.png,e072fc405a4b294dbbc7853a10747159d76beb28b12b2cc6eed347730451a885,CREATED
BC_021,BC_021.txt,11,HIBRIDO,Barras,Comparação,10,BC_021_R01.png,BC_021_R10.png,6bf35f7b4d57fb63e28fc6e2dc42dbf7e958db89e51c904f562ab31f6d61a165,CREATED
BC_022,BC_022.txt,12,HIBRIDO,Barras,Comparação,10,BC_022_R01.png,BC_022_R10.png,cfc1e60d00ff80959c8a07825fbd5f865ec40d516051ba5fa868423b31911d0e,CREATED
BC_023,BC_023.txt,13,HIBRIDO,Barras,Comparação,10,BC_023_R01.png,BC_023_R10.png,cc5865b9cb9f3fac39ad09cdfd809e8f61e372e55b10f5c4828ff49b60644267,CREATED
BC_024,BC_024.txt,14,HIBRIDO,Barras,Comparação,10,BC_024_R01.png,BC_024_R10.png,ed3a4f49f64fb17288399e63c7a06db592aecfe575b9342dbeb7a91efd677b0d,CREATED
BC_025,BC_025.txt,15,HIBRIDO,Barras,Comparação,10,BC_025_R01.png,BC_025_R10.png,46f6d4619127fb31dad8065b46d20f0a17aeeb3e7739f486584ff8c10bee6447,CREATED
BC_026,BC_026.txt,16,HIBRIDO,Barras,Comparação,10,BC_026_R01.png,BC_026_R10.png,c7a79c651e628bae9d2853ed3ee2177677229852e9db8395ee9d8484a4a78bff,CREATED
BC_027,BC_027.txt,1,VQL,Barras,Comparação,10,BC_027_R01.png,BC_027_R10.png,2d84fa1a6c2d464a87f47bba3d1f46093131ad7c31cac7cb257e375748a78cae,CREATED
BC_028,BC_028.txt,4,VQL,Barras,Comparação,10,BC_028_R01.png,BC_028_R10.png,fcc3602b36ff61c6275b7631b294d8be7030f8d8a13b76772465c54c9602667f,CREATED
BC_029,BC_029.txt,6,VQL,Barras,Comparação,10,BC_029_R01.png,BC_029_R10.png,f1d989506db2fb822fc073eda56ca836cf83bcaff6a0c8afc6f49c61f7315872,CREATED
BC_030,BC_030.txt,7,VQL,Barras,Comparação,10,BC_030_R01.png,BC_030_R10.png,ec39c625cf3c998d8bb9ecc6714f9ceb42d90b076924021fb8ba420db0c25144,CREATED
BC_031,BC_031.txt,8,VQL,Barras,Comparação,10,BC_031_R01.png,BC_031_R10.png,48c4032d1e11d92f97c5b217d63edb0d65ddb05b52a7f5634447f6af46682927,CREATED
BC_032,BC_032.txt,9,VQL,Barras,Comparação,10,BC_032_R01.png,BC_032_R10.png,4bbfece6f932564231a82878b377e812ba1c64c7bf7a3309d5c6ee4489ae75c6,CREATED
BC_033,BC_033.txt,10,VQL,Barras,Comparação,10,BC_033_R01.png,BC_033_R10.png,e072fc405a4b294dbbc7853a10747159d76beb28b12b2cc6eed347730451a885,CREATED
BC_034,BC_034.txt,11,VQL,Barras,Comparação,10,BC_034_R01.png,BC_034_R10.png,6bf35f7b4d57fb63e28fc6e2dc42dbf7e958db89e51c904f562ab31f6d61a165,CREATED
BC_035,BC_035.txt,12,VQL,Barras,Comparação,10,BC_035_R01.png,BC_035_R10.png,dcf1dad45067b452e4ba5e38aab4411ce6811b6f8284e5813e2693710bba43ac,CREATED
BC_036,BC_036.txt,13,VQL,Barras,Comparação,10,BC_036_R01.png,BC_036_R10.png,0e4733824d5e989960b01aa56463c984fb8ba13b93f53738d728cc509f996aab,CREATED
BC_037,BC_037.txt,14,VQL,Barras,Comparação,10,BC_037_R01.png,BC_037_R10.png,ed3a4f49f64fb17288399e63c7a06db592aecfe575b9342dbeb7a91efd677b0d,CREATED
BC_038,BC_038.txt,15,VQL,Barras,Comparação,10,BC_038_R01.png,BC_038_R10.png,46f6d4619127fb31dad8065b46d20f0a17aeeb3e7739f486584ff8c10bee6447,CREATED
BC_039,BC_039.txt,16,VQL,Barras,Comparação,10,BC_039_R01.png,BC_039_R10.png,c7a79c651e628bae9d2853ed3ee2177677229852e9db8395ee9d8484a4a78bff,CREATED
BC_040,BC_040.txt,1,ZERO-SHOT,Barras,Comparação,10,BC_040_R01.png,BC_040_R10.png,f725ad4b931eb5b3e178e46ca5540f8c9d045958de8b2374cd23a9df1ca71d8a,CREATED
BC_041,BC_041.txt,4,ZERO-SHOT,Barras,Comparação,10,BC_041_R01.png,BC_041_R10.png,dece0dc040c8b7c36eab7bd871d3bfd6842ea65c2a7b1bbdb809ca5e0e343b46,CREATED
BC_042,BC_042.txt,6,ZERO-SHOT,Barras,Comparação,10,BC_042_R01.png,BC_042_R10.png,4fe27eff726b9749b6eb0ce68a873667ec897adad6c6ecf67c2ace5e75d299f3,CREATED
BC_043,BC_043.txt,7,ZERO-SHOT,Barras,Comparação,10,BC_043_R01.png,BC_043_R10.png,5a812e4f7d55bb22b026d16b8ac2f56680b54c8d4f0f3a3100809b0499ba35ce,CREATED
BC_044,BC_044.txt,8,ZERO-SHOT,Barras,Comparação,10,BC_044_R01.png,BC_044_R10.png,6b84a984b188d6f0c2169aed72935ba659b52634df9c5ba715b0cb8f4d00b6df,CREATED
BC_045,BC_045.txt,9,ZERO-SHOT,Barras,Comparação,10,BC_045_R01.png,BC_045_R10.png,de49db123b492e44ad2d425090391ca849994fbb712b36b1148e614f8a941e31,CREATED
BC_046,BC_046.txt,10,ZERO-SHOT,Barras,Comparação,10,BC_046_R01.png,BC_046_R10.png,f1c9d41b8a740eba950e80950be4b85ab391cb61aa95971ac99e5d332d8f4b2d,CREATED
BC_047,BC_047.txt,11,ZERO-SHOT,Barras,Comparação,10,BC_047_R01.png,BC_047_R10.png,6402e771c9950521b481c52dd63a5991b3698e722de7af7958bf58482e14d6f9,CREATED
BC_048,BC_048.txt,12,ZERO-SHOT,Barras,Comparação,10,BC_048_R01.png,BC_048_R10.png,f4f24e0886fa8ff7d7f95c9e3ec567eeeee97268d6dcff7d3006f7f9cccf420c,CREATED
BC_049,BC_049.txt,13,ZERO-SHOT,Barras,Comparação,10,BC_049_R01.png,BC_049_R10.png,5efaea116702a33459fbb4c8b4d289bc34a6902545be0c180874da6ec4ebbb88,CREATED
BC_050,BC_050.txt,14,ZERO-SHOT,Barras,Comparação,10,BC_050_R01.png,BC_050_R10.png,ac3f641d9c9bb64e80da13dbcd0794e3987c69b08746787799337c7cbb720316,CREATED
BC_051,BC_051.txt,15,ZERO-SHOT,Barras,Comparação,10,BC_051_R01.png,BC_051_R10.png,d837211d823490781e6fe38001e44ab403bcf85bb4082a467e144c28d8a12210,CREATED
BC_052,BC_052.txt,16,ZERO-SHOT,Barras,Comparação,10,BC_052_R01.png,BC_052_R10.png,c7a79c651e628bae9d2853ed3ee2177677229852e9db8395ee9d8484a4a78bff,CREATED
BI_001,BI_001.txt,1,FEW-SHOT,Barras,Identificação,10,BI_001_R01.png,BI_001_R10.png,60f609e6a869e0b906711fa3e8a510a5c36b9006dbfd15911b7708ec0c88c736,CREATED
BI_002,BI_002.txt,4,FEW-SHOT,Barras,Identificação,10,BI_002_R01.png,BI_002_R10.png,ec2f7694a7c325d3ac83349ad28287a1d584a940a9559370f1d9eaf2bd4abe7b,CREATED
BI_003,BI_003.txt,6,FEW-SHOT,Barras,Identificação,10,BI_003_R01.png,BI_003_R10.png,b448735ab31c5d930edf708fba165ed03d83d54213513064d985fc433ee27215,CREATED
BI_004,BI_004.txt,7,FEW-SHOT,Barras,Identificação,10,BI_004_R01.png,BI_004_R10.png,98b8b10f069103e0a93654411d4b57115abc796068df55ce7ef1cca02ad2fe86,CREATED
BI_005,BI_005.txt,8,FEW-SHOT,Barras,Identificação,10,BI_005_R01.png,BI_005_R10.png,4071f72ccdc0b1e016a82971b5651f0411d2240cb993c7b6d139c90f3e20ea07,CREATED
BI_006,BI_006.txt,9,FEW-SHOT,Barras,Identificação,10,BI_006_R01.png,BI_006_R10.png,3432cf893a20619deb234b5844cdf6bb89868f464eebe1fa23f35275075fade3,CREATED
BI_007,BI_007.txt,10,FEW-SHOT,Barras,Identificação,10,BI_007_R01.png,BI_007_R10.png,6b1cd51e372982c32510cd086d627f241ca706ee440c265a6439ab94ac6604a8,CREATED
BI_008,BI_008.txt,11,FEW-SHOT,Barras,Identificação,10,BI_008_R01.png,BI_008_R10.png,34cfb2598543e4bb7afdcdacf5b0b3b2e3dda904501f84aa1085e9044fcf853e,CREATED
BI_009,BI_009.txt,12,FEW-SHOT,Barras,Identificação,10,BI_009_R01.png,BI_009_R10.png,4ab1569e73912dc448f15c20769bcb75111f103691bd8adf0cfc0fa34d3cdf38,CREATED
BI_010,BI_010.txt,13,FEW-SHOT,Barras,Identificação,10,BI_010_R01.png,BI_010_R10.png,b8763bf4130b9b96eaf33c7bd08fddeafcbfc91e60d3c94d1a4b3bb9eece5df9,CREATED
BI_011,BI_011.txt,14,FEW-SHOT,Barras,Identificação,10,BI_011_R01.png,BI_011_R10.png,de527826d7327335498cc9e3a751a0511b11fc60a883077e1355292b88b357bb,CREATED
BI_012,BI_012.txt,15,FEW-SHOT,Barras,Identificação,10,BI_012_R01.png,BI_012_R10.png,cdf2d6730113cf1b059c1f6a1b6b60cec12f9d455d33d7def3e2f65ab52b4389,CREATED
BI_013,BI_013.txt,16,FEW-SHOT,Barras,Identificação,10,BI_013_R01.png,BI_013_R10.png,70ed9f61045f74778c7610808e0f160eeb0f86b2d48a0b18c4b7c1dde6077db2,CREATED
BI_014,BI_014.txt,1,HIBRIDO,Barras,Identificação,10,BI_014_R01.png,BI_014_R10.png,96e8aa56a05b80affde2c8d3b27071da4d385d8ebd9c59cfa817c757698fe336,CREATED
BI_015,BI_015.txt,4,HIBRIDO,Barras,Identificação,10,BI_015_R01.png,BI_015_R10.png,22d51dd4479c4e6dd00720571aec2e0fabd2733c5e808b7ec4e67489c9091343,CREATED
BI_016,BI_016.txt,6,HIBRIDO,Barras,Identificação,10,BI_016_R01.png,BI_016_R10.png,e3376a5b5b92e3eaf2af12024bca9feebe0156ec0e3422db6bc08849b3b0ebe1,CREATED
BI_017,BI_017.txt,7,HIBRIDO,Barras,Identificação,10,BI_017_R01.png,BI_017_R10.png,fbc4f5c27e1beb43889b0c7ed0aa54a1488c33dcc7b30e07e4c4c523308c1b3f,CREATED
BI_018,BI_018.txt,8,HIBRIDO,Barras,Identificação,10,BI_018_R01.png,BI_018_R10.png,65800ae4e8971662905703be08fb6907ef6d1d8084abc678c558c7ee19226546,CREATED
BI_019,BI_019.txt,9,HIBRIDO,Barras,Identificação,10,BI_019_R01.png,BI_019_R10.png,d2345a68428b52c56975c431e66a07c1514c70ecd0392c1a510e90fa9a11ab01,CREATED
BI_020,BI_020.txt,10,HIBRIDO,Barras,Identificação,10,BI_020_R01.png,BI_020_R10.png,9e8487145056e170fc2e86a9852868a0dda363ed84f3a6abb236f9ab7c592396,CREATED
BI_021,BI_021.txt,11,HIBRIDO,Barras,Identificação,10,BI_021_R01.png,BI_021_R10.png,5bd261020af323a4c80f39fb330e1b627a6f52a3d03baa0537b0d679b99714c6,CREATED
BI_022,BI_022.txt,12,HIBRIDO,Barras,Identificação,10,BI_022_R01.png,BI_022_R10.png,4e1950ccd30c3822b1d640630a061754add0015e6eeeec4c26dcb5e9bbb5c80d,CREATED
BI_023,BI_023.txt,13,HIBRIDO,Barras,Identificação,10,BI_023_R01.png,BI_023_R10.png,608a3bcd0ccb88f8f736153030eb707d4ea7edc840e1aefb69a57ae8cc6ad31e,CREATED
BI_024,BI_024.txt,14,HIBRIDO,Barras,Identificação,10,BI_024_R01.png,BI_024_R10.png,321a8c77806839b8439839386599698141845684f626409dd23ac6b131e4c0eb,CREATED
BI_025,BI_025.txt,15,HIBRIDO,Barras,Identificação,10,BI_025_R01.png,BI_025_R10.png,d0340a6cf2b592f7a57a5a03a50fbf2fc6601bec360034ffac0d452d0e206646,CREATED
BI_026,BI_026.txt,16,HIBRIDO,Barras,Identificação,10,BI_026_R01.png,BI_026_R10.png,38ff7d5141e194bd40845381003e410ebe11a0d37f0d593ccacccd6098f76b28,CREATED
BI_027,BI_027.txt,1,VQL,Barras,Identificação,10,BI_027_R01.png,BI_027_R10.png,e477e21b31a6228be486ba6e8b5c742ab5a18b4c55517a65f70054d531251ed3,CREATED
BI_028,BI_028.txt,4,VQL,Barras,Identificação,10,BI_028_R01.png,BI_028_R10.png,22d51dd4479c4e6dd00720571aec2e0fabd2733c5e808b7ec4e67489c9091343,CREATED
BI_029,BI_029.txt,6,VQL,Barras,Identificação,10,BI_029_R01.png,BI_029_R10.png,867e3eea0c38201e03ccb3660f35bf5c2fa4956727de50f24c9936bee6481f3e,CREATED
BI_030,BI_030.txt,7,VQL,Barras,Identificação,10,BI_030_R01.png,BI_030_R10.png,fbc4f5c27e1beb43889b0c7ed0aa54a1488c33dcc7b30e07e4c4c523308c1b3f,CREATED
BI_031,BI_031.txt,8,VQL,Barras,Identificação,10,BI_031_R01.png,BI_031_R10.png,65800ae4e8971662905703be08fb6907ef6d1d8084abc678c558c7ee19226546,CREATED
BI_032,BI_032.txt,9,VQL,Barras,Identificação,10,BI_032_R01.png,BI_032_R10.png,d2345a68428b52c56975c431e66a07c1514c70ecd0392c1a510e90fa9a11ab01,CREATED
BI_033,BI_033.txt,10,VQL,Barras,Identificação,10,BI_033_R01.png,BI_033_R10.png,0043d2cb33fe753e7e674f15ba4caf4d242981d9534f10f778fc50eb0c72f87b,CREATED
BI_034,BI_034.txt,11,VQL,Barras,Identificação,10,BI_034_R01.png,BI_034_R10.png,5bd261020af323a4c80f39fb330e1b627a6f52a3d03baa0537b0d679b99714c6,CREATED
BI_035,BI_035.txt,12,VQL,Barras,Identificação,10,BI_035_R01.png,BI_035_R10.png,4e1950ccd30c3822b1d640630a061754add0015e6eeeec4c26dcb5e9bbb5c80d,CREATED
BI_036,BI_036.txt,13,VQL,Barras,Identificação,10,BI_036_R01.png,BI_036_R10.png,0a9ae1bb098fcc91deacf9ab74d9fde37049aaa4ed4d6d9311b80bef193a3c35,CREATED
BI_037,BI_037.txt,14,VQL,Barras,Identificação,10,BI_037_R01.png,BI_037_R10.png,321a8c77806839b8439839386599698141845684f626409dd23ac6b131e4c0eb,CREATED
BI_038,BI_038.txt,15,VQL,Barras,Identificação,10,BI_038_R01.png,BI_038_R10.png,d0340a6cf2b592f7a57a5a03a50fbf2fc6601bec360034ffac0d452d0e206646,CREATED
BI_039,BI_039.txt,16,VQL,Barras,Identificação,10,BI_039_R01.png,BI_039_R10.png,38ff7d5141e194bd40845381003e410ebe11a0d37f0d593ccacccd6098f76b28,CREATED
BI_040,BI_040.txt,1,ZERO-SHOT,Barras,Identificação,10,BI_040_R01.png,BI_040_R10.png,60f609e6a869e0b906711fa3e8a510a5c36b9006dbfd15911b7708ec0c88c736,CREATED
BI_041,BI_041.txt,4,ZERO-SHOT,Barras,Identificação,10,BI_041_R01.png,BI_041_R10.png,742237f650e8f364bf3b2aa96c83c269de604aaece2347609259ca6446f523c2,CREATED
BI_042,BI_042.txt,6,ZERO-SHOT,Barras,Identificação,10,BI_042_R01.png,BI_042_R10.png,da75486f046e7ea4dfee1f718c3080857bf7e650d128c91b791042e59c65034e,CREATED
BI_043,BI_043.txt,7,ZERO-SHOT,Barras,Identificação,10,BI_043_R01.png,BI_043_R10.png,982d48c82ed75c182b4e4878206c8dc99023ce89836f522ea29120d031ed721d,CREATED
BI_044,BI_044.txt,8,ZERO-SHOT,Barras,Identificação,10,BI_044_R01.png,BI_044_R10.png,58efbddb2c2ee9e302ac142e5998c7d5b0620c493c4ec80a9809c4ecc9a3bb2d,CREATED
BI_045,BI_045.txt,9,ZERO-SHOT,Barras,Identificação,10,BI_045_R01.png,BI_045_R10.png,7af8931603ef09d02c160d084e7bd6fd91dbd7147d6c97075fe8ffb020cd55c6,CREATED
BI_046,BI_046.txt,10,ZERO-SHOT,Barras,Identificação,10,BI_046_R01.png,BI_046_R10.png,fc5feddfa31f43d5fc6e24dfdfdde0dafece612dcb9883ebccf18d072e837ac0,CREATED
BI_047,BI_047.txt,11,ZERO-SHOT,Barras,Identificação,10,BI_047_R01.png,BI_047_R10.png,1d6e6e97c12cbd8b33bd180975169848588fca4eeedaa85f38d2b4ffc6b854db,CREATED
BI_048,BI_048.txt,12,ZERO-SHOT,Barras,Identificação,10,BI_048_R01.png,BI_048_R10.png,4ab1569e73912dc448f15c20769bcb75111f103691bd8adf0cfc0fa34d3cdf38,CREATED
BI_049,BI_049.txt,13,ZERO-SHOT,Barras,Identificação,10,BI_049_R01.png,BI_049_R10.png,8714242684a1230e2f0b20fab3ca8d46b72532a677ac7d368e77f9a9ea7612ac,CREATED
BI_050,BI_050.txt,14,ZERO-SHOT,Barras,Identificação,10,BI_050_R01.png,BI_050_R10.png,de527826d7327335498cc9e3a751a0511b11fc60a883077e1355292b88b357bb,CREATED
BI_051,BI_051.txt,15,ZERO-SHOT,Barras,Identificação,10,BI_051_R01.png,BI_051_R10.png,0399b97705af28364ac993fc76ba6c44d55f5755a58ec957f606c1974683a8a3,CREATED
BI_052,BI_052.txt,16,ZERO-SHOT,Barras,Identificação,10,BI_052_R01.png,BI_052_R10.png,70ed9f61045f74778c7610808e0f160eeb0f86b2d48a0b18c4b7c1dde6077db2,CREATED
LC_001,LC_001.txt,1,FEW-SHOT,Linhas,Comparação,10,LC_001_R01.png,LC_001_R10.png,593c8bec9654d487a0cd75c5b1f27a9609d00a24d4949495cd7edbe06999cd46,CREATED
LC_002,LC_002.txt,4,FEW-SHOT,Linhas,Comparação,10,LC_002_R01.png,LC_002_R10.png,b70c86a43bf4c68a19641d341885aa36d93f18826749609ea2d8b7795e464197,CREATED
LC_003,LC_003.txt,6,FEW-SHOT,Linhas,Comparação,10,LC_003_R01.png,LC_003_R10.png,7e6b8d467116ab4d5b97efa68daf474f4ab9105aa9da58aa1455def514c3a80b,CREATED
LC_004,LC_004.txt,7,FEW-SHOT,Linhas,Comparação,10,LC_004_R01.png,LC_004_R10.png,2aa3607575e67430baa229b4821ed09676174e5de8f99bc39feb9a2ad5abb597,CREATED
LC_005,LC_005.txt,8,FEW-SHOT,Linhas,Comparação,10,LC_005_R01.png,LC_005_R10.png,959c0a3d0e6a15defe1974af06e606f2216b0fc864e7839305751d89ca8389b0,CREATED
LC_006,LC_006.txt,9,FEW-SHOT,Linhas,Comparação,10,LC_006_R01.png,LC_006_R10.png,3aa4d0bff8a516df006d9dfbc990e12647e860b7270978c1f16be83cf6787c0a,CREATED
LC_007,LC_007.txt,10,FEW-SHOT,Linhas,Comparação,10,LC_007_R01.png,LC_007_R10.png,cbb1bf44819c117783577a234798c8ec0d8b2449f982634ba82ccbf4ff8754ee,CREATED
LC_008,LC_008.txt,11,FEW-SHOT,Linhas,Comparação,10,LC_008_R01.png,LC_008_R10.png,d5e29afda2798329aa04303a43294bf58a7f514e8cf87145002f9b3353998015,CREATED
LC_009,LC_009.txt,12,FEW-SHOT,Linhas,Comparação,10,LC_009_R01.png,LC_009_R10.png,604cfaf9a8704f6f19d4ea71d4ef50b42e62367351f4da2c7aa6c2282e3fc8ba,CREATED
LC_010,LC_010.txt,13,FEW-SHOT,Linhas,Comparação,10,LC_010_R01.png,LC_010_R10.png,812880ad01b0ed250280de9a5f93b18cb03a9178d4d1b1237224cdfe9d64d074,CREATED
LC_011,LC_011.txt,14,FEW-SHOT,Linhas,Comparação,10,LC_011_R01.png,LC_011_R10.png,4f0411d6883f39b2b17cd77dac19b41f708a8de351d13cb0e8291a9442eb13e7,CREATED
LC_012,LC_012.txt,15,FEW-SHOT,Linhas,Comparação,10,LC_012_R01.png,LC_012_R10.png,2c32a9c1b57f9ceb170da32217fcaa22e4a83843ec796cbd7eeeaac0f5f5c0b7,CREATED
LC_013,LC_013.txt,16,FEW-SHOT,Linhas,Comparação,10,LC_013_R01.png,LC_013_R10.png,71dc7cf4cf803a166ab0bc53e0cfb6a714ab9ce72b345b791fb6015f5f8abed3,CREATED
LC_014,LC_014.txt,1,HIBRIDO,Linhas,Comparação,10,LC_014_R01.png,LC_014_R10.png,e8b65f063ff2db9c454ab33459256f84aa3a1f52bb157bb4bf91df7e99834ffe,CREATED
LC_015,LC_015.txt,4,HIBRIDO,Linhas,Comparação,10,LC_015_R01.png,LC_015_R10.png,934986d060206bb2d5d168cb9c246d729ce5e6101bfd0c3d384f1ceaf9e4142e,CREATED
LC_016,LC_016.txt,6,HIBRIDO,Linhas,Comparação,10,LC_016_R01.png,LC_016_R10.png,d9c0aa332e3de4bf078add4069dde51ae2f2779539f5a3130f0f1fc5164140a4,CREATED
LC_017,LC_017.txt,7,HIBRIDO,Linhas,Comparação,10,LC_017_R01.png,LC_017_R10.png,42e69492ce83573eb14061564076a292af8bb474e0c1cf402acd2b99d1e602e7,CREATED
LC_018,LC_018.txt,8,HIBRIDO,Linhas,Comparação,10,LC_018_R01.png,LC_018_R10.png,1048cc81139a5e80b5749e20caff03b7e7f4e99f9e820a9bfa59fcdb02936bad,CREATED
LC_019,LC_019.txt,9,HIBRIDO,Linhas,Comparação,10,LC_019_R01.png,LC_019_R10.png,1148f4bb1788c9f5d0c8cce4c44d5f867b1281aa6d911b1c0b99fac20c9df19e,CREATED
LC_020,LC_020.txt,10,HIBRIDO,Linhas,Comparação,10,LC_020_R01.png,LC_020_R10.png,65bd23a5a69d3d43c83ef082dbb0e1091d919add8738abbe9700357386d2de26,CREATED
LC_021,LC_021.txt,11,HIBRIDO,Linhas,Comparação,10,LC_021_R01.png,LC_021_R10.png,a7b3ba6ec13160a361bee7f044e268d6433a5371b7465fa65f9fbd043b97e569,CREATED
LC_022,LC_022.txt,12,HIBRIDO,Linhas,Comparação,10,LC_022_R01.png,LC_022_R10.png,8fc5e31de0f617f9ddeedc4bd7cd6cdf25576cff6001f3c8668d4c31ad8e19da,CREATED
LC_023,LC_023.txt,13,HIBRIDO,Linhas,Comparação,10,LC_023_R01.png,LC_023_R10.png,3c4aa333ffc39668c094dac352d6e2e35b0dd7d517b5193d3756fbdbb4e62e00,CREATED
LC_024,LC_024.txt,14,HIBRIDO,Linhas,Comparação,10,LC_024_R01.png,LC_024_R10.png,f466c46a48b80156e60e41c20e55d1cddda2af6d27cdf0524433eb7e1b234837,CREATED
LC_025,LC_025.txt,15,HIBRIDO,Linhas,Comparação,10,LC_025_R01.png,LC_025_R10.png,9ac7ff8df5d868b29188d1695f2b54513ff0ba5f570b303ec9eb2c910dd8b4ec,CREATED
LC_026,LC_026.txt,16,HIBRIDO,Linhas,Comparação,10,LC_026_R01.png,LC_026_R10.png,7bcbd87d19d0e65cd7052f9e3e35f4518586d65efcf13a7c739467e39ed66d6d,CREATED
LC_027,LC_027.txt,1,VQL,Linhas,Comparação,10,LC_027_R01.png,LC_027_R10.png,faaf72fac72ccb05da823db6efde286382106ae0acff64b7b37cb50bebde10c4,CREATED
LC_028,LC_028.txt,4,VQL,Linhas,Comparação,10,LC_028_R01.png,LC_028_R10.png,934986d060206bb2d5d168cb9c246d729ce5e6101bfd0c3d384f1ceaf9e4142e,CREATED
LC_029,LC_029.txt,6,VQL,Linhas,Comparação,10,LC_029_R01.png,LC_029_R10.png,d9c0aa332e3de4bf078add4069dde51ae2f2779539f5a3130f0f1fc5164140a4,CREATED
LC_030,LC_030.txt,7,VQL,Linhas,Comparação,10,LC_030_R01.png,LC_030_R10.png,b155b46bdc2b931a2e33df491e836da65bb1de7bc02a484973a429ceb08d1f83,CREATED
LC_031,LC_031.txt,8,VQL,Linhas,Comparação,10,LC_031_R01.png,LC_031_R10.png,1048cc81139a5e80b5749e20caff03b7e7f4e99f9e820a9bfa59fcdb02936bad,CREATED
LC_032,LC_032.txt,9,VQL,Linhas,Comparação,10,LC_032_R01.png,LC_032_R10.png,bdbeb7e44525c074320cb593b22d733543341349c0d637cef1c43ad408018d38,CREATED
LC_033,LC_033.txt,10,VQL,Linhas,Comparação,10,LC_033_R01.png,LC_033_R10.png,65bd23a5a69d3d43c83ef082dbb0e1091d919add8738abbe9700357386d2de26,CREATED
LC_034,LC_034.txt,11,VQL,Linhas,Comparação,10,LC_034_R01.png,LC_034_R10.png,a7b3ba6ec13160a361bee7f044e268d6433a5371b7465fa65f9fbd043b97e569,CREATED
LC_035,LC_035.txt,12,VQL,Linhas,Comparação,10,LC_035_R01.png,LC_035_R10.png,8fc5e31de0f617f9ddeedc4bd7cd6cdf25576cff6001f3c8668d4c31ad8e19da,CREATED
LC_036,LC_036.txt,13,VQL,Linhas,Comparação,10,LC_036_R01.png,LC_036_R10.png,eab7f1c85a087d1881985a0616b698ff00512ffb8ed672860f7d64eb83c09569,CREATED
LC_037,LC_037.txt,14,VQL,Linhas,Comparação,10,LC_037_R01.png,LC_037_R10.png,f466c46a48b80156e60e41c20e55d1cddda2af6d27cdf0524433eb7e1b234837,CREATED
LC_038,LC_038.txt,15,VQL,Linhas,Comparação,10,LC_038_R01.png,LC_038_R10.png,9ac7ff8df5d868b29188d1695f2b54513ff0ba5f570b303ec9eb2c910dd8b4ec,CREATED
LC_039,LC_039.txt,16,VQL,Linhas,Comparação,10,LC_039_R01.png,LC_039_R10.png,7bcbd87d19d0e65cd7052f9e3e35f4518586d65efcf13a7c739467e39ed66d6d,CREATED
LC_040,LC_040.txt,1,ZERO-SHOT,Linhas,Comparação,10,LC_040_R01.png,LC_040_R10.png,593c8bec9654d487a0cd75c5b1f27a9609d00a24d4949495cd7edbe06999cd46,CREATED
LC_041,LC_041.txt,4,ZERO-SHOT,Linhas,Comparação,10,LC_041_R01.png,LC_041_R10.png,b70c86a43bf4c68a19641d341885aa36d93f18826749609ea2d8b7795e464197,CREATED
LC_042,LC_042.txt,6,ZERO-SHOT,Linhas,Comparação,10,LC_042_R01.png,LC_042_R10.png,7e6b8d467116ab4d5b97efa68daf474f4ab9105aa9da58aa1455def514c3a80b,CREATED
LC_043,LC_043.txt,7,ZERO-SHOT,Linhas,Comparação,10,LC_043_R01.png,LC_043_R10.png,2aa3607575e67430baa229b4821ed09676174e5de8f99bc39feb9a2ad5abb597,CREATED
LC_044,LC_044.txt,8,ZERO-SHOT,Linhas,Comparação,10,LC_044_R01.png,LC_044_R10.png,959c0a3d0e6a15defe1974af06e606f2216b0fc864e7839305751d89ca8389b0,CREATED
LC_045,LC_045.txt,9,ZERO-SHOT,Linhas,Comparação,10,LC_045_R01.png,LC_045_R10.png,e0401c3fd56abf7a838bdfc696e10442658115af4cb31bc0cfcf775b4ee25e59,CREATED
LC_046,LC_046.txt,10,ZERO-SHOT,Linhas,Comparação,10,LC_046_R01.png,LC_046_R10.png,cbb1bf44819c117783577a234798c8ec0d8b2449f982634ba82ccbf4ff8754ee,CREATED
LC_047,LC_047.txt,11,ZERO-SHOT,Linhas,Comparação,10,LC_047_R01.png,LC_047_R10.png,d5e29afda2798329aa04303a43294bf58a7f514e8cf87145002f9b3353998015,CREATED
LC_048,LC_048.txt,12,ZERO-SHOT,Linhas,Comparação,10,LC_048_R01.png,LC_048_R10.png,604cfaf9a8704f6f19d4ea71d4ef50b42e62367351f4da2c7aa6c2282e3fc8ba,CREATED
LC_049,LC_049.txt,13,ZERO-SHOT,Linhas,Comparação,10,LC_049_R01.png,LC_049_R10.png,812880ad01b0ed250280de9a5f93b18cb03a9178d4d1b1237224cdfe9d64d074,CREATED
LC_050,LC_050.txt,14,ZERO-SHOT,Linhas,Comparação,10,LC_050_R01.png,LC_050_R10.png,fbd4046517af05cdb65559e776dea8c47a4e384c90fd6055f4f019f50231766a,CREATED
LC_051,LC_051.txt,15,ZERO-SHOT,Linhas,Comparação,10,LC_051_R01.png,LC_051_R10.png,2c32a9c1b57f9ceb170da32217fcaa22e4a83843ec796cbd7eeeaac0f5f5c0b7,CREATED
LC_052,LC_052.txt,16,ZERO-SHOT,Linhas,Comparação,10,LC_052_R01.png,LC_052_R10.png,71dc7cf4cf803a166ab0bc53e0cfb6a714ab9ce72b345b791fb6015f5f8abed3,CREATED
LI_001,LI_001.txt,1,FEW-SHOT,Linhas,Identificação,10,LI_001_R01.png,LI_001_R10.png,58bb05ea4a1d1db1eb17e1775cc2bd3267044c563fbd0693b2cdd0883a742265,CREATED
LI_002,LI_002.txt,4,FEW-SHOT,Linhas,Identificação,10,LI_002_R01.png,LI_002_R10.png,ad926b53be64601112a537065e02cfcbb8eefc29419862fdc65f4af7bf31e331,CREATED
LI_003,LI_003.txt,6,FEW-SHOT,Linhas,Identificação,10,LI_003_R01.png,LI_003_R10.png,641b3bf47d9e92e81feb2aee5f26c02dba7eede0e3e80468436f5d48f947ab97,CREATED
LI_004,LI_004.txt,7,FEW-SHOT,Linhas,Identificação,10,LI_004_R01.png,LI_004_R10.png,91e0474e80248562082cdd9574e0600945b141b29e7e8733f6d4ea009331b0e7,CREATED
LI_005,LI_005.txt,8,FEW-SHOT,Linhas,Identificação,10,LI_005_R01.png,LI_005_R10.png,df3785ac66046ee38a628ba7b1869760f62b68b4b60c99b050d89b6fc17fb81d,CREATED
LI_006,LI_006.txt,9,FEW-SHOT,Linhas,Identificação,10,LI_006_R01.png,LI_006_R10.png,0beb7c8044d31be5aa6b4113e493eb9bec49c73c5f6d8a5978a074a13ff97af5,CREATED
LI_007,LI_007.txt,10,FEW-SHOT,Linhas,Identificação,10,LI_007_R01.png,LI_007_R10.png,b1f8188501ff1ed5263b2389b94f3c4771ce30d04b11589004f579d1684e7472,CREATED
LI_008,LI_008.txt,11,FEW-SHOT,Linhas,Identificação,10,LI_008_R01.png,LI_008_R10.png,46fa22f1a144aecfb6551d3780898940db5a65f730c7a535304cb6745367fa64,CREATED
LI_009,LI_009.txt,12,FEW-SHOT,Linhas,Identificação,10,LI_009_R01.png,LI_009_R10.png,1869664647c2ef8ba2528813cae1c6adaa72a08238103258d6c721758ae92254,CREATED
LI_010,LI_010.txt,13,FEW-SHOT,Linhas,Identificação,10,LI_010_R01.png,LI_010_R10.png,dd256ffbbb43bfde780237dc48ee8c9ff326800154040a6c404307d8400373fd,CREATED
LI_011,LI_011.txt,14,FEW-SHOT,Linhas,Identificação,10,LI_011_R01.png,LI_011_R10.png,0200cf4ee52ac563f92a7599c8546a89449d5ed9b519d97f92f8a768821407ac,CREATED
LI_012,LI_012.txt,15,FEW-SHOT,Linhas,Identificação,10,LI_012_R01.png,LI_012_R10.png,7333df4b7c61d69f48e6fe88c1281f2dacde4e8d239d4ca2cef6a6d16d8f4423,CREATED
LI_013,LI_013.txt,16,FEW-SHOT,Linhas,Identificação,10,LI_013_R01.png,LI_013_R10.png,ffafb4756fb268327cbbbd2b0888875fdb88419255c5d3d217e2be5a833933b1,CREATED
LI_014,LI_014.txt,1,HIBRIDO,Linhas,Identificação,10,LI_014_R01.png,LI_014_R10.png,57106b5a54d3dde176f77b4ee5b70117fb10c65523591009bbb2d9d10e81172b,CREATED
LI_015,LI_015.txt,4,HIBRIDO,Linhas,Identificação,10,LI_015_R01.png,LI_015_R10.png,b819194a7b5673e47a2ec54dd61748fc97bd2a51c3b4d17f0d288d7df18a86d9,CREATED
LI_016,LI_016.txt,6,HIBRIDO,Linhas,Identificação,10,LI_016_R01.png,LI_016_R10.png,977810239a128142a4239440c2aad76351c770dd860a360c1a22330e3429aa63,CREATED
LI_017,LI_017.txt,7,HIBRIDO,Linhas,Identificação,10,LI_017_R01.png,LI_017_R10.png,a33d908e80e8256af82b9c9ceeb60c1fc60d462415cbf0b5a504e052238b0316,CREATED
LI_018,LI_018.txt,8,HIBRIDO,Linhas,Identificação,10,LI_018_R01.png,LI_018_R10.png,4f32a46fc9018bf35efffb8d4ad48a8b8d456e56ccc151db19978ceb11d88c21,CREATED
LI_019,LI_019.txt,9,HIBRIDO,Linhas,Identificação,10,LI_019_R01.png,LI_019_R10.png,e962e33864d84aa1e8e9415df3a9577166d0eb7320a7745ed4a36b4d512390ed,CREATED
LI_020,LI_020.txt,10,HIBRIDO,Linhas,Identificação,10,LI_020_R01.png,LI_020_R10.png,79692b77a817b2dd7c9f35913fbb642fbb02f68857a8424b127312caa2b72c71,CREATED
LI_021,LI_021.txt,11,HIBRIDO,Linhas,Identificação,10,LI_021_R01.png,LI_021_R10.png,b4804a133f6de4ab0ea42b3958551ca8482204da9796fa459347b885d881f0fd,CREATED
LI_022,LI_022.txt,12,HIBRIDO,Linhas,Identificação,10,LI_022_R01.png,LI_022_R10.png,8fb020704b4dcacdec318fec73c86758fc224ec36085fa31256def937075d329,CREATED
LI_023,LI_023.txt,13,HIBRIDO,Linhas,Identificação,10,LI_023_R01.png,LI_023_R10.png,1b0702d56521e1f7088f904e020ff29f281cf90d7903d3c10a3618fcf320b72d,CREATED
LI_024,LI_024.txt,14,HIBRIDO,Linhas,Identificação,10,LI_024_R01.png,LI_024_R10.png,f98b64084aae6b5340bc6c1c9e81ff38a848583fe37786577f8140df73063746,CREATED
LI_025,LI_025.txt,15,HIBRIDO,Linhas,Identificação,10,LI_025_R01.png,LI_025_R10.png,4812fdce7e1ec860cae9d6e24197f1352641aaf8abac13eb482eaa00d03ecd21,CREATED
LI_026,LI_026.txt,16,HIBRIDO,Linhas,Identificação,10,LI_026_R01.png,LI_026_R10.png,6b086cac72b6612e9d16a6dacf83a0f9f709632d92c1d52a0e51a7be52de5b64,CREATED
LI_027,LI_027.txt,1,VQL,Linhas,Identificação,10,LI_027_R01.png,LI_027_R10.png,57106b5a54d3dde176f77b4ee5b70117fb10c65523591009bbb2d9d10e81172b,CREATED
LI_028,LI_028.txt,4,VQL,Linhas,Identificação,10,LI_028_R01.png,LI_028_R10.png,bd57281947af4d4b251ddceba330ff05fbad34a8ce9c7942283bf9ea09dfe941,CREATED
LI_029,LI_029.txt,6,VQL,Linhas,Identificação,10,LI_029_R01.png,LI_029_R10.png,977810239a128142a4239440c2aad76351c770dd860a360c1a22330e3429aa63,CREATED
LI_030,LI_030.txt,7,VQL,Linhas,Identificação,10,LI_030_R01.png,LI_030_R10.png,a33d908e80e8256af82b9c9ceeb60c1fc60d462415cbf0b5a504e052238b0316,CREATED
LI_031,LI_031.txt,8,VQL,Linhas,Identificação,10,LI_031_R01.png,LI_031_R10.png,4f32a46fc9018bf35efffb8d4ad48a8b8d456e56ccc151db19978ceb11d88c21,CREATED
LI_032,LI_032.txt,9,VQL,Linhas,Identificação,10,LI_032_R01.png,LI_032_R10.png,c9b1dbac1c8e653548ea122035723f37e7dd4cc423a242e6dde187fbc13debcb,CREATED
LI_033,LI_033.txt,10,VQL,Linhas,Identificação,10,LI_033_R01.png,LI_033_R10.png,40a5fc5ed4b8026f62a8b111a5d832959fecc1fee68c8f9d90d2dd30489dbf4f,CREATED
LI_034,LI_034.txt,11,VQL,Linhas,Identificação,10,LI_034_R01.png,LI_034_R10.png,b4804a133f6de4ab0ea42b3958551ca8482204da9796fa459347b885d881f0fd,CREATED
LI_035,LI_035.txt,12,VQL,Linhas,Identificação,10,LI_035_R01.png,LI_035_R10.png,99d66cbd2d49cd0108b0afaadcc2acd4db6cb28cde0382b6c300a834288459d9,CREATED
LI_036,LI_036.txt,13,VQL,Linhas,Identificação,10,LI_036_R01.png,LI_036_R10.png,1b0702d56521e1f7088f904e020ff29f281cf90d7903d3c10a3618fcf320b72d,CREATED
LI_037,LI_037.txt,14,VQL,Linhas,Identificação,10,LI_037_R01.png,LI_037_R10.png,f98b64084aae6b5340bc6c1c9e81ff38a848583fe37786577f8140df73063746,CREATED
LI_038,LI_038.txt,15,VQL,Linhas,Identificação,10,LI_038_R01.png,LI_038_R10.png,4812fdce7e1ec860cae9d6e24197f1352641aaf8abac13eb482eaa00d03ecd21,CREATED
LI_039,LI_039.txt,16,VQL,Linhas,Identificação,10,LI_039_R01.png,LI_039_R10.png,6b086cac72b6612e9d16a6dacf83a0f9f709632d92c1d52a0e51a7be52de5b64,CREATED
LI_040,LI_040.txt,1,ZERO-SHOT,Linhas,Identificação,10,LI_040_R01.png,LI_040_R10.png,afcd1a522075bca657f493fe6551eb318299cc5223a9047967d67f1d7dce9e31,CREATED
LI_041,LI_041.txt,4,ZERO-SHOT,Linhas,Identificação,10,LI_041_R01.png,LI_041_R10.png,ad926b53be64601112a537065e02cfcbb8eefc29419862fdc65f4af7bf31e331,CREATED
LI_042,LI_042.txt,6,ZERO-SHOT,Linhas,Identificação,10,LI_042_R01.png,LI_042_R10.png,641b3bf47d9e92e81feb2aee5f26c02dba7eede0e3e80468436f5d48f947ab97,CREATED
LI_043,LI_043.txt,7,ZERO-SHOT,Linhas,Identificação,10,LI_043_R01.png,LI_043_R10.png,91e0474e80248562082cdd9574e0600945b141b29e7e8733f6d4ea009331b0e7,CREATED
LI_044,LI_044.txt,8,ZERO-SHOT,Linhas,Identificação,10,LI_044_R01.png,LI_044_R10.png,df3785ac66046ee38a628ba7b1869760f62b68b4b60c99b050d89b6fc17fb81d,CREATED
LI_045,LI_045.txt,9,ZERO-SHOT,Linhas,Identificação,10,LI_045_R01.png,LI_045_R10.png,0beb7c8044d31be5aa6b4113e493eb9bec49c73c5f6d8a5978a074a13ff97af5,CREATED
LI_046,LI_046.txt,10,ZERO-SHOT,Linhas,Identificação,10,LI_046_R01.png,LI_046_R10.png,b1f8188501ff1ed5263b2389b94f3c4771ce30d04b11589004f579d1684e7472,CREATED
LI_047,LI_047.txt,11,ZERO-SHOT,Linhas,Identificação,10,LI_047_R01.png,LI_047_R10.png,46fa22f1a144aecfb6551d3780898940db5a65f730c7a535304cb6745367fa64,CREATED
LI_048,LI_048.txt,12,ZERO-SHOT,Linhas,Identificação,10,LI_048_R01.png,LI_048_R10.png,1869664647c2ef8ba2528813cae1c6adaa72a08238103258d6c721758ae92254,CREATED
LI_049,LI_049.txt,13,ZERO-SHOT,Linhas,Identificação,10,LI_049_R01.png,LI_049_R10.png,dd256ffbbb43bfde780237dc48ee8c9ff326800154040a6c404307d8400373fd,CREATED
LI_050,LI_050.txt,14,ZERO-SHOT,Linhas,Identificação,10,LI_050_R01.png,LI_050_R10.png,3472d5e30c27dc863caefe778130f6eb6de12bf08e83de6348db024ed7ec38b5,CREATED
LI_051,LI_051.txt,15,ZERO-SHOT,Linhas,Identificação,10,LI_051_R01.png,LI_051_R10.png,7333df4b7c61d69f48e6fe88c1281f2dacde4e8d239d4ca2cef6a6d16d8f4423,CREATED
LI_052,LI_052.txt,16,ZERO-SHOT,Linhas,Identificação,10,LI_052_R01.png,LI_052_R10.png,ffafb4756fb268327cbbbd2b0888875fdb88419255c5d3d217e2be5a833933b1,CREATED
SC_001,SC_001.txt,1,FEW-SHOT,Scatterplot,Comparação,10,SC_001_R01.png,SC_001_R10.png,45acf4ab273e310b50878bc8e702e2818591a9edf18f5066c6ee9fe1e74ce3a2,CREATED
SC_002,SC_002.txt,4,FEW-SHOT,Scatterplot,Comparação,10,SC_002_R01.png,SC_002_R10.png,3116e649ce6f407b3d0f5b2f10eba5d00d49e212c1dcc96c3502c482c4ecac18,CREATED
SC_003,SC_003.txt,6,FEW-SHOT,Scatterplot,Comparação,10,SC_003_R01.png,SC_003_R10.png,1d331826923d93feebe446661773efbe2a3682bb225a0c86b9188efbea82bf8f,CREATED
SC_004,SC_004.txt,7,FEW-SHOT,Scatterplot,Comparação,10,SC_004_R01.png,SC_004_R10.png,38378e63d81b5fd8ffa75ba3e0076996550e03e7a2eab4699801542c73490555,CREATED
SC_005,SC_005.txt,8,FEW-SHOT,Scatterplot,Comparação,10,SC_005_R01.png,SC_005_R10.png,3bbfdde59f191f7cbf6b458ab25f1828137d78e97eba2f0c9f9c8d983cbdb0f9,CREATED
SC_006,SC_006.txt,9,FEW-SHOT,Scatterplot,Comparação,10,SC_006_R01.png,SC_006_R10.png,23516e0b73674ea417cf15d77586766969066868b5842b4caaef38fe704aacec,CREATED
SC_007,SC_007.txt,10,FEW-SHOT,Scatterplot,Comparação,10,SC_007_R01.png,SC_007_R10.png,9ce68d83f2b9b0d6c5e03e1104f6fd011a6dcf100f8f39a03cf8c519f3986445,CREATED
SC_008,SC_008.txt,11,FEW-SHOT,Scatterplot,Comparação,10,SC_008_R01.png,SC_008_R10.png,9149fa4eaa6dc6e5a1afa9c7421e0e98628207c290d2f7cde8aba31b421df893,CREATED
SC_009,SC_009.txt,12,FEW-SHOT,Scatterplot,Comparação,10,SC_009_R01.png,SC_009_R10.png,00bf90f87be2345790c1b8519419de0af1b8001e0a4aa037b10893d6ac7f2162,CREATED
SC_010,SC_010.txt,13,FEW-SHOT,Scatterplot,Comparação,10,SC_010_R01.png,SC_010_R10.png,54632eae618dfd999214fa2c9a591cfb6e3a0aefa6ca8b6116f5c79d31fe785f,CREATED
SC_011,SC_011.txt,14,FEW-SHOT,Scatterplot,Comparação,10,SC_011_R01.png,SC_011_R10.png,90d0988e86560439296480d2582de9d3c40648a7e63cb43d7ac2c7c573e9babd,CREATED
SC_012,SC_012.txt,15,FEW-SHOT,Scatterplot,Comparação,10,SC_012_R01.png,SC_012_R10.png,ab08ccac0a39002a34050f9694f9d97bbf163a36f724b6ee3e1962dcbdca958d,CREATED
SC_013,SC_013.txt,16,FEW-SHOT,Scatterplot,Comparação,10,SC_013_R01.png,SC_013_R10.png,bea740389b45e8da206f165eca2f624665658589f7863907879d4dc60c54523f,CREATED
SC_014,SC_014.txt,1,HIBRIDO,Scatterplot,Comparação,10,SC_014_R01.png,SC_014_R10.png,e61634d8da53e0b6e8ac3271d2aaae96bbfcbfdf3b96ea485f41ab8c1eb68a18,CREATED
SC_015,SC_015.txt,4,HIBRIDO,Scatterplot,Comparação,10,SC_015_R01.png,SC_015_R10.png,f3ed82d56bc1c1c8563416b85a0ca35028b67d29f79eafb748d2b0d7448df5b3,CREATED
SC_016,SC_016.txt,6,HIBRIDO,Scatterplot,Comparação,10,SC_016_R01.png,SC_016_R10.png,24e87b2ed37a01a71e545835bf1ff4044cc0485ed537dfd8b874144b608a7b4d,CREATED
SC_017,SC_017.txt,7,HIBRIDO,Scatterplot,Comparação,10,SC_017_R01.png,SC_017_R10.png,bde2799ae2478fc4db710db90b37ed1e17a393683fc9f3f63dd79c966bdf2e69,CREATED
SC_018,SC_018.txt,8,HIBRIDO,Scatterplot,Comparação,10,SC_018_R01.png,SC_018_R10.png,9ddeae5c518ca75b33584947c0233381bb058e326861230093ee9fe195f18a8f,CREATED
SC_019,SC_019.txt,9,HIBRIDO,Scatterplot,Comparação,10,SC_019_R01.png,SC_019_R10.png,8aad29497a67ed0c4466ccede30a9f76ab5ca319961e71ffff961f4b9c66cc54,CREATED
SC_020,SC_020.txt,10,HIBRIDO,Scatterplot,Comparação,10,SC_020_R01.png,SC_020_R10.png,d92a1fe92ee36c20dd48f47db665fdd87fd74d07ac244f37b4595f921e669574,CREATED
SC_021,SC_021.txt,11,HIBRIDO,Scatterplot,Comparação,10,SC_021_R01.png,SC_021_R10.png,6fef4bb3f969cb2747f3aa2b4eeae363d75bd0c568e3adb5a6242bf97a0b02f3,CREATED
SC_022,SC_022.txt,12,HIBRIDO,Scatterplot,Comparação,10,SC_022_R01.png,SC_022_R10.png,3eb30063af135f0c6ebc5905c74723e1af0e8e0587ea9d02d2057dc3b1e753bb,CREATED
SC_023,SC_023.txt,13,HIBRIDO,Scatterplot,Comparação,10,SC_023_R01.png,SC_023_R10.png,9bfc2fa30e4559f0b8380e7711b32e78c39b44f2c46882fb17cb35fde1d95b60,CREATED
SC_024,SC_024.txt,14,HIBRIDO,Scatterplot,Comparação,10,SC_024_R01.png,SC_024_R10.png,72a3a3f3b94be9f3796ab793fa2958ff7b0523f0cf2c2a58d4382ca1fc84c4ef,CREATED
SC_025,SC_025.txt,15,HIBRIDO,Scatterplot,Comparação,10,SC_025_R01.png,SC_025_R10.png,bad2e01643ad69589410ffe1d8d9bbf0e02f1a2f64ed36b0437dacd8d76ad6ba,CREATED
SC_026,SC_026.txt,16,HIBRIDO,Scatterplot,Comparação,10,SC_026_R01.png,SC_026_R10.png,a73bec2be91b7b87d2601e3457d600bb74254139efd4a57b6445ee1b1bda92eb,CREATED
SC_027,SC_027.txt,1,VQL,Scatterplot,Comparação,10,SC_027_R01.png,SC_027_R10.png,e61634d8da53e0b6e8ac3271d2aaae96bbfcbfdf3b96ea485f41ab8c1eb68a18,CREATED
SC_028,SC_028.txt,4,VQL,Scatterplot,Comparação,10,SC_028_R01.png,SC_028_R10.png,4e1fbb4d5312520298814866d12aac8bcdb17acfbc4ea9289937798e154dd6dd,CREATED
SC_029,SC_029.txt,6,VQL,Scatterplot,Comparação,10,SC_029_R01.png,SC_029_R10.png,24e87b2ed37a01a71e545835bf1ff4044cc0485ed537dfd8b874144b608a7b4d,CREATED
SC_030,SC_030.txt,7,VQL,Scatterplot,Comparação,10,SC_030_R01.png,SC_030_R10.png,bde2799ae2478fc4db710db90b37ed1e17a393683fc9f3f63dd79c966bdf2e69,CREATED
SC_031,SC_031.txt,8,VQL,Scatterplot,Comparação,10,SC_031_R01.png,SC_031_R10.png,9ddeae5c518ca75b33584947c0233381bb058e326861230093ee9fe195f18a8f,CREATED
SC_032,SC_032.txt,9,VQL,Scatterplot,Comparação,10,SC_032_R01.png,SC_032_R10.png,44e01c37960a718eaab38961922428a9cf770389ff0204502a92fc319c47b138,CREATED
SC_033,SC_033.txt,10,VQL,Scatterplot,Comparação,10,SC_033_R01.png,SC_033_R10.png,d92a1fe92ee36c20dd48f47db665fdd87fd74d07ac244f37b4595f921e669574,CREATED
SC_034,SC_034.txt,11,VQL,Scatterplot,Comparação,10,SC_034_R01.png,SC_034_R10.png,6fef4bb3f969cb2747f3aa2b4eeae363d75bd0c568e3adb5a6242bf97a0b02f3,CREATED
SC_035,SC_035.txt,12,VQL,Scatterplot,Comparação,10,SC_035_R01.png,SC_035_R10.png,079b66db1345914f5c793c673821ab7905fb0acddb1e40f768ad60e0c432ff22,CREATED
SC_036,SC_036.txt,13,VQL,Scatterplot,Comparação,10,SC_036_R01.png,SC_036_R10.png,9bfc2fa30e4559f0b8380e7711b32e78c39b44f2c46882fb17cb35fde1d95b60,CREATED
SC_037,SC_037.txt,14,VQL,Scatterplot,Comparação,10,SC_037_R01.png,SC_037_R10.png,72a3a3f3b94be9f3796ab793fa2958ff7b0523f0cf2c2a58d4382ca1fc84c4ef,CREATED
SC_038,SC_038.txt,15,VQL,Scatterplot,Comparação,10,SC_038_R01.png,SC_038_R10.png,bad2e01643ad69589410ffe1d8d9bbf0e02f1a2f64ed36b0437dacd8d76ad6ba,CREATED
SC_039,SC_039.txt,16,VQL,Scatterplot,Comparação,10,SC_039_R01.png,SC_039_R10.png,a73bec2be91b7b87d2601e3457d600bb74254139efd4a57b6445ee1b1bda92eb,CREATED
SC_040,SC_040.txt,1,ZERO-SHOT,Scatterplot,Comparação,10,SC_040_R01.png,SC_040_R10.png,45acf4ab273e310b50878bc8e702e2818591a9edf18f5066c6ee9fe1e74ce3a2,CREATED
SC_041,SC_041.txt,4,ZERO-SHOT,Scatterplot,Comparação,10,SC_041_R01.png,SC_041_R10.png,3116e649ce6f407b3d0f5b2f10eba5d00d49e212c1dcc96c3502c482c4ecac18,CREATED
SC_042,SC_042.txt,6,ZERO-SHOT,Scatterplot,Comparação,10,SC_042_R01.png,SC_042_R10.png,1d331826923d93feebe446661773efbe2a3682bb225a0c86b9188efbea82bf8f,CREATED
SC_043,SC_043.txt,7,ZERO-SHOT,Scatterplot,Comparação,10,SC_043_R01.png,SC_043_R10.png,38378e63d81b5fd8ffa75ba3e0076996550e03e7a2eab4699801542c73490555,CREATED
SC_044,SC_044.txt,8,ZERO-SHOT,Scatterplot,Comparação,10,SC_044_R01.png,SC_044_R10.png,3bbfdde59f191f7cbf6b458ab25f1828137d78e97eba2f0c9f9c8d983cbdb0f9,CREATED
SC_045,SC_045.txt,9,ZERO-SHOT,Scatterplot,Comparação,10,SC_045_R01.png,SC_045_R10.png,23516e0b73674ea417cf15d77586766969066868b5842b4caaef38fe704aacec,CREATED
SC_046,SC_046.txt,10,ZERO-SHOT,Scatterplot,Comparação,10,SC_046_R01.png,SC_046_R10.png,e9855bcec875c708be7091e1f8040ea682f8525c759ae503cca59cc3177206b3,CREATED
SC_047,SC_047.txt,11,ZERO-SHOT,Scatterplot,Comparação,10,SC_047_R01.png,SC_047_R10.png,9149fa4eaa6dc6e5a1afa9c7421e0e98628207c290d2f7cde8aba31b421df893,CREATED
SC_048,SC_048.txt,12,ZERO-SHOT,Scatterplot,Comparação,10,SC_048_R01.png,SC_048_R10.png,dbaf3840125f339b5dd4e40c83b51fcabbf5bd1f138fbf9c05db330782d73cc6,CREATED
SC_049,SC_049.txt,13,ZERO-SHOT,Scatterplot,Comparação,10,SC_049_R01.png,SC_049_R10.png,f167cbb7d0494c4effe2cbb892434301725c50ee35f766df77206f0fe2a97216,CREATED
SC_050,SC_050.txt,14,ZERO-SHOT,Scatterplot,Comparação,10,SC_050_R01.png,SC_050_R10.png,90d0988e86560439296480d2582de9d3c40648a7e63cb43d7ac2c7c573e9babd,CREATED
SC_051,SC_051.txt,15,ZERO-SHOT,Scatterplot,Comparação,10,SC_051_R01.png,SC_051_R10.png,ab08ccac0a39002a34050f9694f9d97bbf163a36f724b6ee3e1962dcbdca958d,CREATED
SC_052,SC_052.txt,16,ZERO-SHOT,Scatterplot,Comparação,10,SC_052_R01.png,SC_052_R10.png,bea740389b45e8da206f165eca2f624665658589f7863907879d4dc60c54523f,CREATED
SI_001,SI_001.txt,1,FEW-SHOT,Scatterplot,Identificação,10,SI_001_R01.png,SI_001_R10.png,9221262bf38a1c6f39096b5d71939c430a8c69f50e723d0b55782c1ffc56dd31,CREATED
SI_002,SI_002.txt,4,FEW-SHOT,Scatterplot,Identificação,10,SI_002_R01.png,SI_002_R10.png,3011c6ff3fd290110e957d4596ee6e13d6592624648122fe2df485f928c0279a,CREATED
SI_003,SI_003.txt,6,FEW-SHOT,Scatterplot,Identificação,10,SI_003_R01.png,SI_003_R10.png,07eecb73698663e4b6eb9bed837b46ec8f363abadf712cfd89ea1141511cbeb3,CREATED
SI_004,SI_004.txt,7,FEW-SHOT,Scatterplot,Identificação,10,SI_004_R01.png,SI_004_R10.png,1be8414ce86c6933daad94a99f71c4c7f5202d9d14b96b2a17a5608fd5791d1c,CREATED
SI_005,SI_005.txt,8,FEW-SHOT,Scatterplot,Identificação,10,SI_005_R01.png,SI_005_R10.png,a1594119b314d7249ea6e7f256e223c49654cfbe9381383314575b7948c4631f,CREATED
SI_006,SI_006.txt,9,FEW-SHOT,Scatterplot,Identificação,10,SI_006_R01.png,SI_006_R10.png,0f0a3527f68aa105bd9542a0280b5e392fd8b082e8995321fee329531c91cfb1,CREATED
SI_007,SI_007.txt,10,FEW-SHOT,Scatterplot,Identificação,10,SI_007_R01.png,SI_007_R10.png,97ba64c0b76695e2f77c65fa945c1a5e7d9c23397b24d048994f64d68cb72da4,CREATED
SI_008,SI_008.txt,11,FEW-SHOT,Scatterplot,Identificação,10,SI_008_R01.png,SI_008_R10.png,d25d3505660f198ea626f3083ffe96c0b2c195bfad9dfd549b9847d190fc606c,CREATED
SI_009,SI_009.txt,12,FEW-SHOT,Scatterplot,Identificação,10,SI_009_R01.png,SI_009_R10.png,d958b9289b5f66d60af2e99f3ba8a74f4a2ab99ef1df866b2c72d6232a72312c,CREATED
SI_010,SI_010.txt,13,FEW-SHOT,Scatterplot,Identificação,10,SI_010_R01.png,SI_010_R10.png,217e608a348d6f3c3417d6a7fd21cc245a88ddae776ae05bf7903a84886406bd,CREATED
SI_011,SI_011.txt,14,FEW-SHOT,Scatterplot,Identificação,10,SI_011_R01.png,SI_011_R10.png,41513dd463dfad01d70e39c8da5f8c57c2eae842947dafd3287178fdc762240a,CREATED
SI_012,SI_012.txt,15,FEW-SHOT,Scatterplot,Identificação,10,SI_012_R01.png,SI_012_R10.png,912edc8fba81e3ef8f45cd43f4d7e56c213ee9edf4930888b882ce588e974141,CREATED
SI_013,SI_013.txt,16,FEW-SHOT,Scatterplot,Identificação,10,SI_013_R01.png,SI_013_R10.png,e213f21f42c0b05f2c2c7c9a288a39b2efe1961570d544904b84d48760a78c12,CREATED
SI_014,SI_014.txt,1,HIBRIDO,Scatterplot,Identificação,10,SI_014_R01.png,SI_014_R10.png,87e494bcdbe8cb4d7ba94f3db20274f72a68dbc5af2f24c7b15db63868f84b43,CREATED
SI_015,SI_015.txt,4,HIBRIDO,Scatterplot,Identificação,10,SI_015_R01.png,SI_015_R10.png,96d06a1ce2c2a033bedcd696f3c84c0763ff917ce7e754ece8838eeafc743009,CREATED
SI_016,SI_016.txt,6,HIBRIDO,Scatterplot,Identificação,10,SI_016_R01.png,SI_016_R10.png,093e1f22edaadcc63341f75c551fc8906ffd53af7441bd3c472f11c8369d072a,CREATED
SI_017,SI_017.txt,7,HIBRIDO,Scatterplot,Identificação,10,SI_017_R01.png,SI_017_R10.png,751436d86f370e75de541755b4908efdb9f2527ed2ce020962ea5eaff0c38fa0,CREATED
SI_018,SI_018.txt,8,HIBRIDO,Scatterplot,Identificação,10,SI_018_R01.png,SI_018_R10.png,8c2cd5de0ec30f380eaea97ac1ff736f1bac4beb167117a1f89737a7ba158986,CREATED
SI_019,SI_019.txt,9,HIBRIDO,Scatterplot,Identificação,10,SI_019_R01.png,SI_019_R10.png,412421cf1882a68e081a91da5d2955f3f22699dabf04f2c3cf119743945d78a4,CREATED
SI_020,SI_020.txt,10,HIBRIDO,Scatterplot,Identificação,10,SI_020_R01.png,SI_020_R10.png,19b8a822d68617a221226927945eaf9cf94fddb499452796abb0926984dea844,CREATED
SI_021,SI_021.txt,11,HIBRIDO,Scatterplot,Identificação,10,SI_021_R01.png,SI_021_R10.png,f5afeba40e46214991e87ed6c810a0e9afd574e8dce72bb1569bd1cbaeabcb92,CREATED
SI_022,SI_022.txt,12,HIBRIDO,Scatterplot,Identificação,10,SI_022_R01.png,SI_022_R10.png,20407a06ad7cad9e62dbf3f41e315c6f95ceb3f6853425bfa87b2f5ab25adce3,CREATED
SI_023,SI_023.txt,13,HIBRIDO,Scatterplot,Identificação,10,SI_023_R01.png,SI_023_R10.png,493a7338b07f06ec6228d7aa40182dbb17c4b5a2df7b0b88dd4a43f6d8be617f,CREATED
SI_024,SI_024.txt,14,HIBRIDO,Scatterplot,Identificação,10,SI_024_R01.png,SI_024_R10.png,411ff5fbac6c5d915b21adda7d467edf1265a8697e87da38e09c3658168b72a3,CREATED
SI_025,SI_025.txt,15,HIBRIDO,Scatterplot,Identificação,10,SI_025_R01.png,SI_025_R10.png,cf16fde28e537c94aad0f47a951c7f84ed7c33e0bd26c8726bacafa5db63921b,CREATED
SI_026,SI_026.txt,16,HIBRIDO,Scatterplot,Identificação,10,SI_026_R01.png,SI_026_R10.png,fb05204a2f4b9db764b4e662eb7b398c4a4115237be1419a2b9a786feb88e396,CREATED
SI_027,SI_027.txt,1,VQL,Scatterplot,Identificação,10,SI_027_R01.png,SI_027_R10.png,87e494bcdbe8cb4d7ba94f3db20274f72a68dbc5af2f24c7b15db63868f84b43,CREATED
SI_028,SI_028.txt,4,VQL,Scatterplot,Identificação,10,SI_028_R01.png,SI_028_R10.png,96d06a1ce2c2a033bedcd696f3c84c0763ff917ce7e754ece8838eeafc743009,CREATED
SI_029,SI_029.txt,6,VQL,Scatterplot,Identificação,10,SI_029_R01.png,SI_029_R10.png,093e1f22edaadcc63341f75c551fc8906ffd53af7441bd3c472f11c8369d072a,CREATED
SI_030,SI_030.txt,7,VQL,Scatterplot,Identificação,10,SI_030_R01.png,SI_030_R10.png,751436d86f370e75de541755b4908efdb9f2527ed2ce020962ea5eaff0c38fa0,CREATED
SI_031,SI_031.txt,8,VQL,Scatterplot,Identificação,10,SI_031_R01.png,SI_031_R10.png,8c2cd5de0ec30f380eaea97ac1ff736f1bac4beb167117a1f89737a7ba158986,CREATED
SI_032,SI_032.txt,9,VQL,Scatterplot,Identificação,10,SI_032_R01.png,SI_032_R10.png,412421cf1882a68e081a91da5d2955f3f22699dabf04f2c3cf119743945d78a4,CREATED
SI_033,SI_033.txt,10,VQL,Scatterplot,Identificação,10,SI_033_R01.png,SI_033_R10.png,85ef776d6068f858ab21654806c06fc92b331ddf7064c4fbbb59ffd0b250fe81,CREATED
SI_034,SI_034.txt,11,VQL,Scatterplot,Identificação,10,SI_034_R01.png,SI_034_R10.png,f5afeba40e46214991e87ed6c810a0e9afd574e8dce72bb1569bd1cbaeabcb92,CREATED
SI_035,SI_035.txt,12,VQL,Scatterplot,Identificação,10,SI_035_R01.png,SI_035_R10.png,50a30573cf901fd536b7c077af4e30610ad1a025296c03d0b86ce9e05e73b1d0,CREATED
SI_036,SI_036.txt,13,VQL,Scatterplot,Identificação,10,SI_036_R01.png,SI_036_R10.png,493a7338b07f06ec6228d7aa40182dbb17c4b5a2df7b0b88dd4a43f6d8be617f,CREATED
SI_037,SI_037.txt,14,VQL,Scatterplot,Identificação,10,SI_037_R01.png,SI_037_R10.png,411ff5fbac6c5d915b21adda7d467edf1265a8697e87da38e09c3658168b72a3,CREATED
SI_038,SI_038.txt,15,VQL,Scatterplot,Identificação,10,SI_038_R01.png,SI_038_R10.png,cf16fde28e537c94aad0f47a951c7f84ed7c33e0bd26c8726bacafa5db63921b,CREATED
SI_039,SI_039.txt,16,VQL,Scatterplot,Identificação,10,SI_039_R01.png,SI_039_R10.png,fb05204a2f4b9db764b4e662eb7b398c4a4115237be1419a2b9a786feb88e396,CREATED
SI_040,SI_040.txt,1,ZERO-SHOT,Scatterplot,Identificação,10,SI_040_R01.png,SI_040_R10.png,9221262bf38a1c6f39096b5d71939c430a8c69f50e723d0b55782c1ffc56dd31,CREATED
SI_041,SI_041.txt,4,ZERO-SHOT,Scatterplot,Identificação,10,SI_041_R01.png,SI_041_R10.png,3011c6ff3fd290110e957d4596ee6e13d6592624648122fe2df485f928c0279a,CREATED
SI_042,SI_042.txt,6,ZERO-SHOT,Scatterplot,Identificação,10,SI_042_R01.png,SI_042_R10.png,8565d4a6db9bff6668501902abc151e606ac9f0aaac3477e472d765f8a597080,CREATED
SI_043,SI_043.txt,7,ZERO-SHOT,Scatterplot,Identificação,10,SI_043_R01.png,SI_043_R10.png,1be8414ce86c6933daad94a99f71c4c7f5202d9d14b96b2a17a5608fd5791d1c,CREATED
SI_044,SI_044.txt,8,ZERO-SHOT,Scatterplot,Identificação,10,SI_044_R01.png,SI_044_R10.png,a1594119b314d7249ea6e7f256e223c49654cfbe9381383314575b7948c4631f,CREATED
SI_045,SI_045.txt,9,ZERO-SHOT,Scatterplot,Identificação,10,SI_045_R01.png,SI_045_R10.png,0f0a3527f68aa105bd9542a0280b5e392fd8b082e8995321fee329531c91cfb1,CREATED
SI_046,SI_046.txt,10,ZERO-SHOT,Scatterplot,Identificação,10,SI_046_R01.png,SI_046_R10.png,299aa40e7860726045eedc2fdf9311342fa4947e0bada5a133cfb06573eb6170,CREATED
SI_047,SI_047.txt,11,ZERO-SHOT,Scatterplot,Identificação,10,SI_047_R01.png,SI_047_R10.png,d25d3505660f198ea626f3083ffe96c0b2c195bfad9dfd549b9847d190fc606c,CREATED
SI_048,SI_048.txt,12,ZERO-SHOT,Scatterplot,Identificação,10,SI_048_R01.png,SI_048_R10.png,557aab377c40f04ca1c35db4066111bf6112e0e147e7852ab084517e842a488d,CREATED
SI_049,SI_049.txt,13,ZERO-SHOT,Scatterplot,Identificação,10,SI_049_R01.png,SI_049_R10.png,217e608a348d6f3c3417d6a7fd21cc245a88ddae776ae05bf7903a84886406bd,CREATED
SI_050,SI_050.txt,14,ZERO-SHOT,Scatterplot,Identificação,10,SI_050_R01.png,SI_050_R10.png,41513dd463dfad01d70e39c8da5f8c57c2eae842947dafd3287178fdc762240a,CREATED
SI_051,SI_051.txt,15,ZERO-SHOT,Scatterplot,Identificação,10,SI_051_R01.png,SI_051_R10.png,912edc8fba81e3ef8f45cd43f4d7e56c213ee9edf4930888b882ce588e974141,CREATED
SI_052,SI_052.txt,16,ZERO-SHOT,Scatterplot,Identificação,10,SI_052_R01.png,SI_052_R10.png,e213f21f42c0b05f2c2c7c9a288a39b2efe1961570d544904b84d48760a78c12,CREATED
